month,year,month_of_year,days_in_month,t,qld_petrol_ML,qld_pop,qld_litres_pp,nsw_petrol_ML,nsw_pop,nsw_litres_pp,vic_petrol_ML,vic_pop,vic_litres_pp,sa_petrol_ML,sa_pop,sa_litres_pp,wa_petrol_ML,wa_pop,wa_litres_pp,tas_petrol_ML,tas_pop,tas_litres_pp,ctrl_litres_pp,ctrl_all_litres_pp,qld_co2_kg_pp,qld_ulp_price_cpl,qld_avg_price_cpl,qld_spend_pp,aus_ulp_price_cpl,covid_distorted,pop_extrapolated,policy,split
2010-07-01,2010,7,31,0,377.9,4410380,85.684,510.2,7150503,71.352,400.7,5467034,73.294,113.4,1628302,69.643,168.8,2295754,73.527,33.7,509061,66.2,72.193,71.988,197.93,,,,124.0,0,0,0,unused
2010-08-01,2010,8,31,1,374.9,4416016,84.896,516.3,7156715,72.142,406.1,5472968,74.201,113.6,1629282,69.724,168.8,2300664,73.37,32.3,509274,63.424,73.034,72.495,196.11,,,,124.0,0,0,0,unused
2010-09-01,2010,9,30,2,350.8,4421470,79.34,482.2,7162726,67.321,366.7,5478710,66.932,107.3,1630230,65.819,157.1,2305415,68.144,29.9,509481,58.687,67.152,66.876,183.28,,,,124.0,0,0,0,unused
2010-10-01,2010,10,31,3,372.2,4426663,84.081,523.7,7168510,73.056,424.0,5484439,77.31,106.6,1630989,65.359,175.6,2310014,76.017,31.2,509730,61.209,74.9,73.485,194.23,,,,126.0,0,0,0,unused
2010-11-01,2010,11,30,4,373.9,4431689,84.37,537.3,7174107,74.894,415.4,5489982,75.665,109.3,1631723,66.984,165.7,2314464,71.593,34.1,509970,66.867,75.228,73.433,194.89,,,,126.0,0,0,0,unused
2010-12-01,2010,12,31,5,373.7,4436882,84.226,578.5,7179891,80.572,440.2,5495711,80.099,118.1,1632482,72.344,184.4,2319063,79.515,36.4,510219,71.342,80.367,78.865,194.56,,,,126.0,0,0,0,unused
2011-01-01,2011,1,31,6,323.2,4444146,72.725,466.9,7188449,64.951,359.3,5504207,65.277,103.9,1633955,63.588,154.2,2325452,66.31,32.3,510573,63.262,65.093,64.797,167.99,,,,137.0,0,0,0,unused
2011-02-01,2011,2,28,7,347.8,4450707,78.145,491.8,7196179,68.342,389.9,5511882,70.738,108.3,1635286,66.227,167.6,2331222,71.894,32.7,510894,64.005,69.381,68.978,180.51,,,,137.0,0,0,0,unused
2011-03-01,2011,3,31,8,352.8,4457971,79.139,519.0,7204737,72.036,403.1,5520378,73.02,114.1,1636759,69.711,176.2,2337611,75.376,34.3,511248,67.091,72.463,72.152,182.81,,,,137.0,0,0,0,unused
2011-04-01,2011,4,30,9,333.2,4464171,74.639,466.5,7209284,64.708,380.3,5526127,68.819,107.0,1637700,65.336,170.5,2342819,72.776,31.7,511325,61.996,66.492,66.887,172.42,,,,143.0,0,0,0,unused
2011-05-01,2011,5,31,10,343.0,4470578,76.724,479.8,7213982,66.51,399.7,5532068,72.251,106.8,1638673,65.175,164.6,2348201,70.096,30.9,511406,60.422,69.002,68.4,177.23,,,,143.0,0,0,0,unused
2011-06-01,2011,6,30,11,337.7,4476778,75.434,517.4,7218529,71.677,331.7,5537817,59.897,104.2,1639614,63.552,146.4,2353409,62.208,29.2,511483,57.089,66.563,65.258,174.25,,,,143.0,0,0,0,unused
2011-07-01,2011,7,31,12,355.6,4483964,79.305,498.1,7225605,68.935,403.1,5546863,72.672,109.6,1640890,66.793,171.3,2358869,72.62,30.4,511617,59.419,70.558,70.035,183.19,,,,142.0,0,0,0,unused
2011-08-01,2011,8,31,13,365.3,4491150,81.338,518.2,7232680,71.647,421.3,5555908,75.829,113.4,1642167,69.055,174.8,2364328,73.932,32.1,511751,62.726,73.464,72.621,187.89,,,,142.0,0,0,0,unused
2011-09-01,2011,9,30,14,300.4,4498104,66.784,481.3,7239528,66.482,384.7,5564662,69.133,109.6,1643402,66.691,176.2,2369612,74.358,30.1,511880,58.803,67.634,68.04,154.27,,,,142.0,0,0,0,unused
2011-10-01,2011,10,31,15,347.4,4505027,77.114,470.5,7245996,64.932,393.2,5573812,70.544,105.5,1644676,64.146,168.7,2375116,71.028,31.0,511832,60.567,67.372,67.186,178.13,,,,142.0,0,0,0,unused
2011-11-01,2011,11,30,16,364.9,4511726,80.878,519.3,7252254,71.605,410.6,5582668,73.549,114.6,1645909,69.627,179.6,2380443,75.448,34.5,511787,67.411,72.451,72.232,186.83,,,,142.0,0,0,0,unused
2011-12-01,2011,12,31,17,365.7,4518649,80.931,519.1,7258722,71.514,430.6,5591818,77.005,117.3,1647183,71.212,181.9,2385947,76.238,36.7,511739,71.716,73.904,73.66,186.95,,,,142.0,0,0,0,unused
2012-01-01,2012,1,31,18,324.1,4527835,71.579,469.6,7267668,64.615,372.2,5603242,66.426,104.6,1649068,63.43,165.9,2393496,69.313,33.1,511826,64.67,65.403,65.469,165.35,,,,145.0,0,0,0,unused
2012-02-01,2012,2,29,19,345.6,4536427,76.183,495.1,7276036,68.045,400.4,5613930,71.323,110.4,1650831,66.875,175.4,2400559,73.066,33.6,511906,65.637,69.473,69.373,175.98,,,,145.0,0,0,0,unused
2012-03-01,2012,3,31,20,344.2,4545613,75.721,501.7,7284982,68.868,404.3,5625354,71.871,110.1,1652716,66.618,180.5,2408108,74.955,33.8,511993,66.017,70.176,70.112,174.92,,,,145.0,0,0,0,unused
2012-04-01,2012,4,30,21,320.4,4553220,70.368,461.1,7291332,63.239,370.8,5633839,65.817,103.1,1654038,62.332,161.4,2413844,66.864,28.7,511904,56.065,64.363,64.121,162.55,,,,146.0,0,0,0,unused
2012-05-01,2012,5,31,22,343.6,4561080,75.333,515.0,7297894,70.568,405.0,5642606,71.775,112.8,1655403,68.141,177.6,2419771,73.395,30.7,511813,59.983,71.095,70.608,174.02,,,,146.0,0,0,0,unused
2012-06-01,2012,6,30,23,323.0,4568687,70.699,468.8,7304244,64.182,378.6,5651091,66.996,103.2,1656725,62.292,160.8,2425507,66.295,28.0,511724,54.717,65.409,64.812,163.31,,,,146.0,0,0,0,unused
2012-07-01,2012,7,31,24,345.8,4576576,75.559,496.9,7312119,67.956,400.8,5660974,70.801,109.4,1657895,65.987,168.5,2431360,69.303,30.8,511676,60.194,69.197,68.589,174.54,,,,139.0,0,0,0,unused
2012-08-01,2012,8,31,25,359.2,4584465,78.352,507.7,7319993,69.358,410.7,5670856,72.423,111.3,1659066,67.086,174.8,2437212,71.721,30.9,511628,60.395,70.696,70.039,180.99,,,,139.0,0,0,0,unused
2012-09-01,2012,9,30,26,327.9,4592100,71.405,467.4,7327614,63.786,365.8,5680420,64.397,102.5,1660198,61.74,179.8,2442876,73.602,27.1,511582,52.973,64.053,64.635,164.95,,,,139.0,0,0,0,unused
2012-10-01,2012,10,31,27,338.5,4598571,73.61,493.3,7336232,67.242,390.1,5690248,68.556,107.8,1661170,64.894,183.6,2447800,75.006,31.8,511660,62.151,67.816,68.135,170.04,,,,142.0,0,0,0,unused
2012-11-01,2012,11,30,28,339.7,4604833,73.77,500.3,7344571,68.118,391.9,5699758,68.757,112.5,1662110,67.685,186.7,2452565,76.124,31.8,511735,62.142,68.398,68.926,170.41,,,,142.0,0,0,0,unused
2012-12-01,2012,12,31,29,353.6,4611304,76.681,517.3,7353189,70.35,417.1,5709586,73.053,111.5,1663082,67.044,189.0,2457489,76.908,33.1,511813,64.672,71.532,71.306,177.13,,,,142.0,0,0,0,unused
2013-01-01,2013,1,31,30,332.6,4619270,72.003,483.7,7363442,65.689,387.3,5721755,67.689,105.3,1664795,63.251,178.2,2463604,72.333,30.9,511960,60.356,66.564,66.597,166.33,,,,145.0,0,0,0,unused
2013-02-01,2013,2,28,31,331.5,4626464,71.653,476.0,7372704,64.562,390.1,5732746,68.048,101.9,1666343,61.152,182.5,2469127,73.913,29.2,512093,57.021,66.087,66.177,165.52,,,,145.0,0,0,0,unused
2013-03-01,2013,3,31,32,353.3,4634430,76.234,516.1,7382957,69.904,420.1,5744915,73.126,110.9,1668056,66.485,187.7,2475242,75.831,29.9,512240,58.371,71.314,70.746,176.1,,,,145.0,0,0,0,unused
2013-04-01,2013,4,30,33,335.0,4640494,72.191,477.4,7389905,64.602,386.4,5754065,67.153,105.0,1669187,62.905,181.1,2479100,73.051,28.8,512237,56.224,65.718,65.957,166.76,,,,141.0,0,0,0,unused
2013-05-01,2013,5,31,34,346.6,4646760,74.59,482.7,7397084,65.255,399.8,5763519,69.367,106.3,1670357,63.639,181.7,2483086,73.175,29.3,512234,57.2,67.056,67.054,172.3,,,,141.0,0,0,0,unused
2013-06-01,2013,6,30,35,332.8,4652824,71.526,467.9,7404032,63.195,390.4,5772669,67.629,104.7,1671488,62.639,177.9,2486944,71.534,26.2,512231,51.149,65.138,65.15,165.23,,,,141.0,0,0,0,unused
2013-07-01,2013,7,31,36,334.0,4658876,71.691,512.2,7413087,69.094,411.7,5783394,71.187,108.2,1672777,64.683,164.7,2490092,66.142,37.5,512325,73.196,70.011,68.816,165.61,,,,150.0,0,0,0,unused
2013-08-01,2013,8,31,37,337.2,4664927,72.284,516.9,7422141,69.643,418.1,5794120,72.159,112.9,1674066,67.441,167.6,2493239,67.222,37.5,512419,73.182,70.746,69.726,166.98,,,,150.0,0,0,0,unused
2013-09-01,2013,9,30,38,310.4,4670784,66.456,471.1,7430904,63.397,379.6,5804499,65.398,104.9,1675313,62.615,151.6,2496285,60.73,35.0,512510,68.291,64.275,63.496,153.51,,,,150.0,0,0,0,unused
2013-10-01,2013,10,31,39,324.3,4675722,69.358,499.0,7439002,67.079,406.0,5813963,69.832,107.8,1676236,64.311,164.8,2498274,65.966,37.6,512680,73.34,68.287,67.4,160.22,,,,148.0,0,0,0,unused
2013-11-01,2013,11,30,40,319.6,4680501,68.283,500.3,7446840,67.183,404.3,5823121,69.43,110.9,1677129,66.125,162.9,2500199,65.155,38.7,512845,75.461,68.169,67.409,157.73,,,,148.0,0,0,0,unused
2013-12-01,2013,12,31,41,328.6,4685439,70.132,524.8,7454938,70.396,432.3,5832585,74.118,111.6,1678052,66.506,170.3,2502188,68.06,42.3,513015,82.454,72.03,70.828,162.0,,,,148.0,0,0,0,unused
2014-01-01,2014,1,31,42,304.8,4692241,64.958,480.5,7466269,64.356,379.9,5845304,64.992,105.6,1679944,62.859,157.8,2505759,62.975,39.1,513244,76.182,64.635,64.214,150.05,,,,154.0,0,0,0,train
2014-02-01,2014,2,28,43,304.8,4698385,64.873,472.2,7476503,63.158,386.8,5856792,66.043,103.9,1681652,61.784,160.0,2508985,63.771,38.1,513452,74.204,64.425,64.07,149.86,,,,154.0,0,0,0,train
2014-03-01,2014,3,31,44,308.6,4705187,65.587,490.8,7487834,65.546,406.6,5869511,69.273,105.6,1683544,62.725,162.0,2512556,64.476,37.5,513681,73.003,67.184,66.248,151.51,,,,154.0,0,0,0,train
2014-04-01,2014,4,30,45,307.4,4709956,65.266,479.4,7494599,63.966,385.6,5877887,65.602,107.8,1684665,63.989,156.8,2514221,62.365,36.3,513661,70.669,64.685,64.208,150.76,,,,151.0,0,0,0,train
2014-05-01,2014,5,31,46,304.7,4714884,64.625,480.7,7501588,64.08,394.9,5886541,67.085,105.8,1685824,62.759,157.8,2515943,62.72,36.2,513641,70.477,65.401,64.672,149.28,,,,151.0,0,0,0,train
2014-06-01,2014,6,30,47,291.2,4719653,61.699,454.8,7508353,60.573,376.3,5894917,63.835,97.4,1686945,57.738,150.1,2517608,59.62,33.4,513621,65.028,62.007,61.162,142.52,,,,151.0,0,0,0,train
2014-07-01,2014,7,31,48,321.9,4724694,68.131,503.5,7517762,66.975,411.6,5905795,69.694,108.1,1688019,64.04,160.5,2519776,63.696,36.7,513714,71.441,68.171,67.038,157.38,,,,147.0,0,0,0,train
2014-08-01,2014,8,31,49,324.0,4729735,68.503,499.7,7527171,66.386,413.5,5916672,69.887,112.0,1689093,66.308,166.1,2521944,65.862,36.6,513808,71.233,67.927,67.343,158.24,,,,147.0,0,0,0,train
2014-09-01,2014,9,30,50,300.5,4734613,63.469,471.7,7536277,62.591,383.8,5927199,64.752,101.6,1690133,60.114,154.8,2524042,61.33,35.6,513898,69.274,63.542,62.854,146.61,,,,147.0,0,0,0,train
2014-10-01,2014,10,31,51,313.3,4738876,66.113,500.7,7545002,66.362,407.4,5937413,68.616,109.2,1691135,64.572,165.6,2525584,65.569,37.1,513946,72.187,67.354,66.682,152.72,,,,136.0,0,0,0,train
2014-11-01,2014,11,30,52,308.5,4743000,65.043,487.2,7553446,64.5,405.5,5947298,68.182,101.9,1692105,60.221,158.1,2527077,62.562,36.1,513992,70.235,66.122,64.903,150.25,,,,136.0,0,0,0,train
2014-12-01,2014,12,31,53,332.0,4747263,69.935,533.5,7562171,70.549,433.6,5957512,72.782,115.0,1693107,67.922,171.7,2528619,67.903,41.6,514040,80.928,71.533,70.553,161.55,,,,136.0,0,0,0,train
2015-01-01,2015,1,31,54,320.0,4753179,67.323,480.9,7573731,63.496,381.4,5970495,63.881,104.7,1694942,61.772,155.0,2531369,61.232,38.4,514306,74.664,63.666,63.079,155.52,,,,120.0,0,0,0,train
2015-02-01,2015,2,28,55,311.3,4758523,65.419,473.8,7584171,62.472,394.6,5982222,65.962,101.2,1696598,59.649,159.9,2533854,63.105,37.2,514546,72.297,64.011,63.387,151.12,,,,120.0,0,0,0,train
2015-03-01,2015,3,31,56,331.4,4764439,69.557,495.6,7595731,65.247,409.2,5995205,68.255,106.8,1698433,62.881,164.3,2536604,64.772,37.2,514812,72.259,66.574,65.815,160.68,,,,120.0,0,0,0,train
2015-04-01,2015,4,30,57,314.7,4768808,65.991,461.9,7602468,60.757,387.1,6004145,64.472,101.3,1699170,59.617,156.3,2537945,61.585,35.2,514913,68.361,62.396,61.923,152.44,,,,136.0,0,0,0,train
2015-05-01,2015,5,31,58,318.7,4773323,66.767,469.2,7609431,61.66,395.7,6013382,65.803,102.6,1699931,60.355,158.1,2539331,62.26,34.0,515016,66.017,63.489,62.788,154.23,,,,136.0,0,0,0,train
2015-06-01,2015,6,30,59,307.9,4777692,64.445,453.1,7616168,59.492,381.1,6022322,63.281,100.3,1700668,58.977,152.1,2540672,59.866,33.2,515117,64.451,61.165,60.586,148.87,,,,136.0,0,0,0,train
2015-07-01,2015,7,31,60,339.0,4782351,70.886,493.8,7625992,64.752,410.2,6034195,67.979,106.3,1701691,62.467,164.5,2542302,64.705,35.6,515312,69.084,66.178,65.468,163.75,,,,133.0,0,0,0,train
2015-08-01,2015,8,31,61,329.6,4787011,68.853,490.3,7635817,64.211,414.8,6046068,68.607,106.8,1702713,62.723,169.2,2543932,66.511,34.1,515508,66.148,66.153,65.575,159.05,,,,133.0,0,0,0,train
2015-09-01,2015,9,30,62,315.4,4791520,65.825,469.2,7645324,61.371,386.0,6057558,63.722,102.9,1703703,60.398,158.5,2545509,62.267,33.9,515697,65.736,62.41,61.986,152.06,,,,133.0,0,0,0,train
2015-10-01,2015,10,31,63,325.7,4796040,67.91,487.6,7654111,63.704,412.6,6069517,67.979,106.2,1704456,62.307,164.3,2546262,64.526,35.8,515696,69.421,65.595,64.902,156.87,,,,125.0,0,0,0,train
2015-11-01,2015,11,30,64,311.5,4800413,64.89,480.9,7662614,62.759,394.2,6081090,64.824,102.8,1705184,60.287,162.7,2546992,63.879,34.7,515695,67.288,63.673,63.154,149.9,,,,125.0,0,0,0,train
2015-12-01,2015,12,31,65,336.3,4804933,69.991,532.5,7671401,69.414,437.2,6093049,71.754,115.1,1705937,67.47,170.7,2547745,67.0,40.2,515694,77.953,70.45,69.486,161.68,,,,125.0,0,0,0,train
2016-01-01,2016,1,31,66,306.9,4812293,63.774,458.1,7683668,59.62,389.0,6108576,63.681,101.0,1707435,59.153,155.9,2550048,61.136,35.8,516092,69.367,61.419,61.01,147.32,,,,112.0,0,0,0,train
2016-02-01,2016,2,29,67,321.2,4819178,66.65,481.8,7695145,62.611,410.4,6123100,67.025,104.8,1708836,61.328,168.9,2552203,66.178,37.1,516463,71.835,64.567,64.309,153.96,,,,112.0,0,0,0,train
2016-03-01,2016,3,31,68,317.6,4826538,65.803,500.9,7707412,64.989,412.1,6138627,67.132,106.8,1710334,62.444,167.5,2554506,65.57,36.2,516861,70.038,65.939,65.291,152.0,,,,112.0,0,0,0,train
2016-04-01,2016,4,30,69,305.3,4832674,63.174,452.1,7715801,58.594,389.0,6150015,63.252,100.0,1711161,58.44,159.7,2554991,62.505,31.0,517076,59.953,60.66,60.374,145.93,,,,119.0,0,0,0,train
2016-05-01,2016,5,31,70,308.7,4839016,63.794,456.7,7724469,59.124,395.5,6161784,64.186,100.7,1712016,58.82,162.7,2555493,63.667,32.5,517299,62.826,61.37,61.206,147.36,,,,119.0,0,0,0,train
2016-06-01,2016,6,30,71,292.7,4845152,60.411,433.0,7732858,55.995,381.1,6173172,61.735,100.5,1712843,58.674,154.7,2555978,60.525,30.6,517514,59.129,58.543,58.575,139.55,,,,119.0,0,0,0,train
2016-07-01,2016,7,31,72,316.4,4851942,65.211,471.6,7744671,60.893,410.8,6184184,66.428,106.3,1714336,62.007,171.7,2558847,67.101,33.1,518219,63.873,63.351,63.481,150.64,,,,115.0,0,0,0,train
2016-08-01,2016,8,31,73,324.0,4858732,66.684,485.9,7756483,62.644,421.8,6195195,68.085,105.0,1715830,61.195,173.2,2561716,67.611,33.2,518924,63.979,65.06,64.746,154.04,,,,115.0,0,0,0,train
2016-09-01,2016,9,30,74,299.7,4865303,61.599,459.3,7767915,59.128,381.9,6205852,61.539,98.0,1717275,57.067,166.9,2564492,65.081,32.9,519606,63.317,60.199,60.379,142.29,,,,115.0,0,0,0,train
2016-10-01,2016,10,31,75,314.0,4871246,64.46,473.0,7777252,60.818,399.6,6215937,64.286,103.6,1718052,60.301,167.3,2566215,65.193,32.1,520406,61.683,62.359,62.208,148.9,,,,123.0,0,0,0,train
2016-11-01,2016,11,30,76,311.0,4876996,63.769,494.5,7786288,63.509,408.0,6225696,65.535,109.5,1718803,63.707,169.4,2567883,65.969,34.2,521181,65.62,64.409,64.224,147.31,,,,123.0,0,0,0,train
2016-12-01,2016,12,31,77,323.1,4882939,66.169,520.2,7795625,66.73,439.5,6235781,70.48,109.4,1719580,63.62,174.3,2569606,67.831,38.6,521981,73.949,68.397,67.6,152.85,,,,123.0,0,0,0,train
2017-01-01,2017,1,31,78,304.1,4891010,62.175,469.4,7808658,60.113,381.5,6250514,61.035,105.1,1721534,61.05,150.9,2572937,58.649,34.8,522874,66.555,60.523,60.049,143.62,,,,130.0,0,0,0,train
2017-02-01,2017,2,28,79,310.1,4898299,63.308,485.0,7820430,62.017,402.8,6263822,64.306,100.2,1723299,58.144,152.7,2575945,59.279,35.3,523681,67.407,63.035,61.806,146.24,,,,130.0,0,0,0,train
2017-03-01,2017,3,31,80,308.0,4906370,62.776,520.3,7833463,66.42,423.3,6278555,67.42,109.7,1725253,63.585,158.5,2579276,61.451,35.7,524574,68.055,66.865,65.444,145.01,,,,130.0,0,0,0,train
2017-04-01,2017,4,30,81,295.5,4912967,60.147,466.6,7840667,59.51,378.9,6286485,60.272,96.5,1726380,55.897,147.8,2581400,57.256,31.7,525295,60.347,59.849,58.833,138.94,,,,126.0,0,0,0,train
2017-05-01,2017,5,31,82,304.7,4919783,61.934,499.8,7848112,63.684,409.6,6294678,65.071,109.5,1727546,63.385,156.3,2583596,60.497,32.6,526041,61.972,64.301,63.307,143.07,,,,126.0,0,0,0,train
2017-06-01,2017,6,30,83,288.2,4926380,58.501,469.0,7855316,59.705,386.9,6302608,61.387,102.7,1728673,59.41,147.8,2585720,57.16,31.4,526762,59.609,60.454,59.58,135.14,,,,126.0,0,0,0,train
2017-07-01,2017,7,31,84,319.3,4932698,64.731,485.2,7865235,61.689,404.8,6313022,64.121,105.1,1730150,60.746,155.2,2588556,59.956,28.2,527634,53.446,62.772,61.644,149.53,,,,123.0,0,0,0,train
2017-08-01,2017,8,31,85,317.4,4939015,64.264,492.3,7875153,62.513,400.5,6323436,63.336,101.4,1731626,58.558,159.0,2591393,61.357,29.4,528506,55.629,62.879,61.723,148.45,,,,123.0,0,0,0,train
2017-09-01,2017,9,30,86,297.9,4945129,60.241,471.7,7884752,59.824,378.1,6333514,59.698,101.2,1733055,58.394,146.2,2594138,56.358,27.8,529350,52.517,59.768,58.626,139.16,,,,123.0,0,0,0,train
2017-10-01,2017,10,31,87,303.2,4950465,61.247,477.6,7890209,60.531,377.6,6341835,59.541,104.9,1733931,60.498,156.8,2596089,60.399,29.1,530095,54.896,60.09,59.676,141.48,,,,136.0,0,0,0,train
2017-11-01,2017,11,30,88,304.8,4955629,61.506,488.5,7895489,61.871,401.3,6349889,63.198,103.1,1734778,59.431,152.6,2597977,58.738,30.0,530816,56.517,62.462,61.113,142.08,,,,136.0,0,0,0,train
2017-12-01,2017,12,31,89,318.4,4960965,64.181,526.4,7900946,66.625,427.9,6358210,67.299,112.8,1735654,64.99,158.4,2599928,60.925,32.6,531561,61.329,66.925,65.317,148.26,,,,136.0,0,0,0,train
2018-01-01,2018,1,31,90,317.9,4969573,63.969,483.3,7912568,61.08,385.2,6372117,60.451,105.3,1737928,60.589,154.2,2603507,59.228,33.8,532661,63.455,60.799,60.287,147.77,,,,136.0,0,0,0,train
2018-02-01,2018,2,28,91,295.5,4977347,59.369,461.7,7923066,58.273,382.4,6384679,59.893,96.4,1739981,55.403,144.8,2606741,55.548,30.6,533654,57.341,58.996,57.829,137.14,,,,136.0,0,0,0,train
2018-03-01,2018,3,31,92,325.2,4985955,65.223,513.8,7934688,64.754,419.6,6398586,65.577,107.9,1742255,61.931,159.9,2610320,61.257,33.3,534754,62.272,65.121,63.918,150.67,,,,136.0,0,0,0,train
2018-04-01,2018,4,30,93,293.3,4992769,58.745,465.1,7941212,58.568,381.6,6406647,59.563,99.1,1743535,56.839,148.4,2612783,56.798,29.1,535590,54.333,59.012,58.148,135.7,,,,146.0,0,0,0,train
2018-05-01,2018,5,31,94,315.5,4999809,63.102,490.3,7947952,61.689,412.1,6414977,64.24,104.6,1744857,59.948,154.7,2615329,59.151,32.4,536455,60.396,62.828,61.79,145.77,,,,146.0,0,0,0,train
2018-06-01,2018,6,30,95,304.2,5006623,60.76,454.6,7954476,57.15,390.4,6423038,60.781,100.5,1746137,57.556,145.4,2617792,55.543,29.8,537291,55.463,58.772,57.944,140.36,,,,146.0,0,0,0,train
2018-07-01,2018,7,31,96,315.5,5013672,62.928,475.4,7964601,59.689,399.1,6433800,62.032,100.9,1748062,57.721,151.5,2621272,57.796,30.4,538285,56.476,60.736,59.786,145.36,,,,148.0,0,0,0,train
2018-08-01,2018,8,31,97,320.3,5020721,63.796,477.5,7974726,59.877,412.4,6444561,63.992,104.6,1749986,59.772,153.5,2624753,58.482,31.5,539279,58.411,61.716,60.837,147.37,,,,148.0,0,0,0,train
2018-09-01,2018,9,30,98,293.6,5027543,58.398,463.5,7984525,58.05,380.7,6454976,58.978,97.2,1751849,55.484,144.6,2628121,55.02,30.3,540241,56.086,58.465,57.45,134.9,,,,148.0,0,0,0,train
2018-10-01,2018,10,31,99,308.8,5033908,61.344,486.3,7990940,60.856,412.1,6463305,63.76,103.3,1753152,58.922,158.1,2630912,60.093,33.9,541146,62.645,62.155,61.393,141.7,,,,143.0,0,0,0,train
2018-11-01,2018,11,30,100,324.6,5040069,64.404,506.4,7997149,63.323,409.0,6471366,63.201,108.7,1754412,61.958,155.0,2633613,58.855,33.2,542022,61.252,63.268,62.25,148.77,,,,143.0,0,0,0,train
2018-12-01,2018,12,31,101,311.4,5046434,61.707,497.7,8003564,62.185,416.0,6479695,64.201,105.7,1755715,60.203,158.0,2636404,59.93,33.4,542927,61.518,63.087,62.042,142.54,,,,143.0,0,0,0,train
2019-01-01,2019,1,31,102,295.5,5054657,58.461,462.9,8013700,57.764,379.0,6493136,58.369,95.3,1758186,54.204,148.7,2640963,56.305,33.0,543918,60.671,58.035,57.235,135.04,128.01,131.64,76.96,131.0,0,0,0,train
2019-02-01,2019,2,28,103,281.4,5062083,55.59,445.5,8022855,55.529,373.0,6505275,57.338,88.9,1760418,50.499,143.8,2645082,54.365,30.3,544812,55.616,56.339,55.246,128.41,128.84,132.72,73.78,131.0,0,0,0,train
2019-03-01,2019,3,31,104,303.3,5070306,59.819,480.9,8032991,59.866,409.2,6518716,62.773,99.2,1762889,56.271,154.8,2649641,58.423,32.1,545803,58.812,61.168,60.032,138.18,139.29,143.13,85.65,131.0,0,0,0,train
2019-04-01,2019,4,30,105,286.4,5076418,56.418,464.8,8037526,57.829,382.4,6524844,58.607,92.9,1764374,52.653,150.0,2652932,56.541,30.5,546475,55.812,58.177,57.161,130.33,147.71,151.75,85.58,146.0,0,0,0,train
2019-05-01,2019,5,31,106,302.5,5082735,59.515,474.0,8042213,58.939,400.2,6531177,61.275,95.5,1765910,54.08,154.3,2656334,58.088,31.1,547169,56.838,59.986,58.906,137.48,149.75,153.47,91.37,146.0,0,0,0,train
2019-06-01,2019,6,30,107,284.0,5088847,55.808,444.6,8046748,55.252,391.4,6537305,59.872,94.6,1767395,53.525,141.2,2659625,53.09,28.3,547841,51.657,57.323,56.06,128.92,143.03,147.21,82.16,146.0,0,0,0,train
2019-07-01,2019,7,31,108,303.2,5096157,59.496,465.3,8055038,57.765,386.6,6547614,59.044,96.2,1769623,54.362,152.5,2664552,57.233,29.9,548551,54.507,58.339,57.589,137.44,142.05,146.07,86.9,142.0,0,0,0,train
2019-08-01,2019,8,31,109,306.9,5103466,60.136,474.9,8063328,58.896,394.9,6557922,60.217,104.2,1771850,58.809,151.4,2669478,56.715,29.9,549260,54.437,59.489,58.751,138.91,140.19,144.52,86.91,142.0,0,0,0,train
2019-09-01,2019,9,30,110,291.3,5110540,57.0,445.4,8071350,55.183,376.6,6567898,57.34,94.2,1774006,53.1,149.8,2674246,56.016,29.3,549947,53.278,56.15,55.688,131.67,147.58,151.76,86.51,142.0,0,0,0,train
2019-10-01,2019,10,31,111,301.3,5117010,58.882,464.9,8077082,57.558,422.1,6575362,64.194,103.7,1775664,58.401,154.5,2679150,57.668,31.7,551090,57.522,60.536,59.699,136.02,156.06,160.15,94.3,150.0,0,0,0,train
2019-11-01,2019,11,30,112,302.2,5123271,58.986,471.0,8082629,58.273,406.6,6582586,61.769,100.0,1777270,56.266,151.1,2683895,56.299,31.0,552197,56.139,59.842,58.75,136.26,151.39,155.35,91.63,150.0,0,0,0,train
2019-12-01,2019,12,31,113,305.7,5129741,59.594,481.0,8088361,59.468,412.0,6590050,62.518,103.5,1778928,58.181,160.9,2688799,59.841,33.9,553340,61.264,60.838,60.219,137.66,149.65,153.89,91.71,150.0,0,0,0,train
2020-01-01,2020,1,31,114,291.8,5138109,56.791,435.4,8096414,53.777,376.3,6599107,57.023,98.2,1781966,55.108,141.3,2694778,52.435,33.4,554238,60.263,55.235,54.729,131.19,149.76,154.05,87.49,139.0,0,0,0,train
2020-02-01,2020,2,29,115,287.9,5145937,55.947,443.3,8103948,54.702,381.3,6607579,57.706,93.9,1784809,52.611,141.9,2700371,52.548,30.4,555077,54.767,56.051,54.984,129.24,143.7,147.83,82.74,139.0,0,0,0,train
2020-03-01,2020,3,31,116,282.4,5154305,54.789,433.5,8112001,53.439,376.5,6616636,56.902,99.8,1787847,55.821,143.7,2706350,53.097,30.4,555975,54.679,54.995,54.63,126.56,128.27,132.6,72.63,139.0,1,0,0,unused
2020-04-01,2020,4,30,117,186.3,5158033,36.118,257.0,8111542,31.683,197.5,6616112,29.851,60.8,1788674,33.992,86.6,2708513,31.973,15.4,556503,27.673,30.86,31.201,83.43,101.03,105.63,38.15,110.0,1,0,0,unused
2020-05-01,2020,5,31,118,235.6,5161885,45.642,349.1,8111069,43.04,278.9,6615570,42.158,77.5,1789528,43.308,120.6,2710749,44.49,21.8,557050,39.135,42.644,42.808,105.43,109.8,114.89,52.44,110.0,1,0,0,unused
2020-06-01,2020,6,30,119,258.6,5165613,50.062,394.1,8110610,48.591,328.3,6615046,49.629,85.6,1790355,47.812,134.0,2712912,49.393,24.5,557578,43.94,49.057,48.777,115.64,122.23,127.01,63.61,110.0,1,0,0,unused
2020-07-01,2020,7,31,120,288.3,5168126,55.784,422.8,8106666,52.155,285.5,6607091,43.211,97.1,1790969,54.216,145.5,2715301,53.585,28.5,558201,51.057,48.139,49.501,128.86,125.22,130.23,72.65,123.0,1,0,0,unused
2020-08-01,2020,8,31,121,281.2,5170639,54.384,420.1,8102722,51.847,199.9,6599136,30.292,93.9,1791584,52.412,147.6,2717689,54.311,27.9,558824,49.926,42.172,45.075,125.63,126.89,132.16,71.87,123.0,1,0,0,unused
2020-09-01,2020,9,30,122,285.3,5173071,55.151,426.1,8098905,52.612,222.1,6591437,33.695,92.7,1792178,51.725,146.0,2720001,53.676,28.1,559427,50.23,44.124,46.338,127.4,123.52,128.63,70.94,123.0,1,0,0,unused
2020-10-01,2020,10,31,123,294.9,5176864,56.965,434.7,8097353,53.684,288.7,6583268,43.854,95.6,1792965,53.32,150.7,2722759,55.348,29.2,560254,52.119,49.276,50.564,131.59,126.73,131.69,74.99,123.0,1,0,0,unused
2020-11-01,2020,11,30,124,298.6,5180536,57.639,439.8,8095852,54.324,362.7,6575364,55.16,86.9,1793727,48.447,147.9,2725429,54.267,30.0,561054,53.471,54.699,53.957,133.15,121.62,126.69,73.05,123.0,1,0,0,unused
2020-12-01,2020,12,31,125,311.4,5184329,60.066,470.4,8094300,58.115,402.1,6567195,61.229,100.9,1794514,56.227,156.4,2728187,57.327,33.0,561881,58.731,59.51,58.728,138.75,125.67,130.71,78.56,123.0,1,0,0,unused
2021-01-01,2021,1,31,126,279.2,5189571,53.8,405.7,8093857,50.124,354.0,6563099,53.938,90.6,1795917,50.448,149.5,2731948,54.723,31.6,562900,56.138,51.832,52.071,124.28,129.32,134.49,72.38,134.0,1,0,0,unused
2021-02-01,2021,2,28,127,278.8,5194306,53.674,424.9,8093458,52.499,329.2,6559398,50.188,84.2,1797183,46.851,126.9,2735344,46.393,28.5,563821,50.548,51.464,50.157,123.99,136.04,140.99,75.7,134.0,1,0,0,unused
2021-03-01,2021,3,31,128,309.4,5199548,59.505,454.7,8093015,56.184,393.4,6555302,60.012,97.5,1798586,54.209,159.0,2739105,58.048,31.5,564840,55.768,57.897,57.368,137.46,140.74,145.43,86.54,134.0,1,0,0,unused
2021-04-01,2021,4,30,129,280.5,5204910,53.891,449.9,8094349,55.582,367.7,6552836,56.113,89.3,1799910,49.614,142.4,2742487,51.924,30.1,565631,53.215,55.82,54.551,124.49,141.91,146.79,79.11,143.0,1,0,0,unused
2021-05-01,2021,5,31,130,298.8,5210452,57.346,461.6,8095728,57.018,377.2,6550288,57.585,92.0,1801277,51.075,150.2,2745983,54.698,30.7,566448,54.197,57.272,56.188,132.47,142.7,147.93,84.83,143.0,1,0,0,unused
2021-06-01,2021,6,30,131,285.6,5215814,54.757,437.1,8097062,53.983,309.1,6547822,47.207,87.7,1802601,48.652,146.0,2749365,53.103,29.3,567239,51.654,50.953,51.024,126.49,149.51,154.22,84.47,143.0,1,0,0,unused
2021-07-01,2021,7,31,132,284.0,5220604,54.4,293.7,8096946,36.273,315.7,6546236,48.226,71.6,1803001,39.712,140.2,2751460,50.955,28.8,567438,50.754,41.617,43.071,125.66,150.3,155.49,84.59,153.0,1,0,0,unused
2021-08-01,2021,8,31,133,256.7,5225394,49.125,247.4,8096831,30.555,260.1,6544651,39.742,89.6,1803402,49.684,154.5,2753555,56.109,28.4,567637,50.032,34.662,39.575,113.48,156.1,161.13,79.16,153.0,1,0,0,unused
2021-09-01,2021,9,30,134,283.2,5230029,54.149,265.1,8096719,32.742,245.8,6543116,37.566,84.5,1803789,46.846,149.0,2755583,54.072,29.2,567829,51.424,34.898,39.273,125.08,160.62,165.91,89.81,153.0,1,0,0,unused
2021-10-01,2021,10,31,135,289.4,5236648,55.264,362.6,8103572,44.746,301.6,6547125,46.066,85.3,1805154,47.254,150.2,2758163,54.457,28.7,568429,50.49,45.336,46.949,127.66,163.65,168.67,93.21,164.0,1,0,0,unused
2021-11-01,2021,11,30,136,293.7,5243053,56.017,422.8,8110204,52.132,375.6,6551004,57.335,93.6,1806474,51.814,155.7,2760660,56.4,29.7,569009,52.196,54.457,54.266,129.4,172.68,177.26,99.26,164.0,1,0,0,unused
2021-12-01,2021,12,31,137,303.3,5249672,57.775,461.8,8117057,56.893,402.2,6555013,61.358,98.0,1807839,54.208,156.7,2763240,56.709,32.9,569609,57.759,58.887,57.912,133.46,158.89,163.73,94.59,164.0,1,0,0,unused
2022-01-01,2022,1,31,138,261.1,5261317,49.626,403.1,8129507,49.585,345.5,6567608,52.607,82.0,1811462,45.267,144.6,2768469,52.231,28.9,570220,50.682,50.935,50.427,114.64,169.75,175.38,87.04,182.0,0,0,0,train
2022-02-01,2022,2,28,139,251.8,5271834,47.763,395.9,8140753,48.632,347.3,6578985,52.789,82.3,1814733,45.351,138.0,2773192,49.762,26.8,570773,46.954,50.49,49.637,110.33,179.11,183.88,87.79,182.0,0,0,0,train
2022-03-01,2022,3,31,140,283.0,5283479,53.563,421.2,8153203,51.661,380.7,6591580,57.756,89.8,1818356,49.385,143.8,2778421,51.756,31.7,571384,55.479,54.385,53.444,123.73,199.18,203.6,109.06,182.0,0,0,0,train
2022-04-01,2022,4,30,141,277.0,5292521,52.338,385.1,8162729,47.178,363.9,6599377,55.142,84.0,1820536,46.14,133.8,2783535,48.068,27.0,571686,47.229,50.738,49.752,120.9,173.53,177.88,93.1,189.0,0,0,0,train
2022-05-01,2022,5,31,142,271.7,5301863,51.246,427.7,8172572,52.334,368.0,6607435,55.695,87.2,1822789,47.839,138.3,2788820,49.591,27.1,571998,47.378,53.836,52.428,118.38,194.54,199.27,102.12,189.0,0,0,0,train
2022-06-01,2022,6,30,143,280.0,5310905,52.722,412.4,8182098,50.403,349.7,6615232,52.863,84.0,1824969,46.028,138.2,2793934,49.464,26.1,572300,45.605,51.503,50.52,121.79,203.42,208.04,109.68,189.0,0,0,0,train
2022-07-01,2022,7,31,144,281.7,5321489,52.936,414.2,8196186,50.536,361.8,6629538,54.574,89.6,1827787,49.021,140.0,2801338,49.976,25.4,572465,44.37,52.341,51.448,122.28,191.55,195.92,103.71,180.0,0,0,0,train
2022-08-01,2022,8,31,145,292.5,5332074,54.857,421.7,8210274,51.362,366.3,6643845,55.134,85.6,1830604,46.761,143.5,2808742,51.09,26.7,572630,46.627,53.049,51.963,126.72,172.79,177.94,97.64,180.0,0,0,0,train
2022-09-01,2022,9,30,146,300.2,5342317,56.193,432.9,8223908,52.639,373.3,6657690,56.07,89.1,1833331,48.6,146.8,2815907,52.132,28.4,572790,49.582,54.174,53.193,129.81,173.22,178.35,100.22,180.0,0,0,0,train
2022-10-01,2022,10,31,147,282.2,5353895,52.709,407.3,8237433,49.445,356.0,6672080,53.357,87.0,1835641,47.395,138.2,2823865,48.94,25.9,572976,45.203,51.196,50.283,121.76,181.55,186.09,98.09,184.0,0,0,0,train
2022-11-01,2022,11,30,148,289.6,5365100,53.978,434.0,8250523,52.603,364.3,6686005,54.487,86.7,1837877,47.174,148.3,2831565,52.374,28.5,573157,49.725,53.446,52.486,124.69,192.91,198.6,107.16,184.0,0,0,0,train
2022-12-01,2022,12,31,149,302.8,5376678,56.317,450.7,8264048,54.537,402.3,6700395,60.041,96.9,1840187,52.658,151.8,2839523,53.46,30.4,573343,53.022,57.002,55.786,130.09,176.73,181.48,102.2,184.0,0,0,0,train
2023-01-01,2023,1,31,150,272.1,5390149,50.481,394.9,8282400,47.679,361.5,6719979,53.795,87.7,1843916,47.562,148.0,2849496,51.939,29.3,573513,51.089,50.419,50.173,116.61,181.65,186.96,94.42,183.0,0,0,0,train
2023-02-01,2023,2,28,151,259.5,5402315,48.035,394.6,8298977,47.548,344.6,6737667,51.145,85.9,1847285,46.501,146.8,2858505,51.356,26.5,573666,46.194,49.16,48.896,110.96,182.85,187.97,90.29,183.0,0,0,0,train
2023-03-01,2023,3,31,152,294.5,5415786,54.378,455.0,8317329,54.705,391.8,6757251,57.982,94.2,1851014,50.891,164.6,2868478,57.382,29.6,573836,51.583,56.174,55.527,125.61,184.89,190.17,103.44,183.0,0,0,0,train
2023-04-01,2023,4,30,153,268.4,5427143,49.455,393.0,8330205,47.178,352.3,6770411,52.035,83.8,1853200,45.219,145.7,2875882,50.663,25.3,573801,44.092,49.356,48.934,114.24,189.74,195.19,96.57,184.0,0,0,0,train
2023-05-01,2023,5,31,154,286.0,5438878,52.584,434.3,8343511,52.052,387.1,6784009,57.061,90.8,1855460,48.937,160.5,2883532,55.661,27.1,573766,47.232,54.298,53.673,121.47,178.18,183.36,96.42,184.0,0,0,0,train
2023-06-01,2023,6,30,155,268.0,5450235,49.172,402.1,8356387,48.119,348.7,6797169,51.301,83.2,1857646,44.788,148.5,2890936,51.367,24.5,573731,42.703,49.546,49.148,113.59,187.38,192.98,94.89,184.0,0,0,0,train
2023-07-01,2023,7,31,156,270.6,5462277,49.54,408.1,8373218,48.739,362.3,6813510,53.174,84.7,1860380,45.528,142.2,2899456,49.044,24.5,573761,42.701,50.729,49.744,114.44,184.93,190.66,94.45,197.0,0,0,0,train
2023-08-01,2023,8,31,157,274.7,5474320,50.18,416.1,8390050,49.594,368.2,6829852,53.91,90.0,1863114,48.306,157.3,2907977,54.093,27.1,573790,47.23,51.531,51.438,115.92,201.43,207.29,104.02,197.0,0,0,0,validation
2023-09-01,2023,9,30,158,272.2,5485974,49.617,414.9,8406338,49.356,355.5,6845666,51.931,82.8,1865760,44.379,145.7,2916222,49.962,24.9,573819,43.393,50.511,49.621,114.62,206.64,212.21,105.29,197.0,0,0,0,validation
2023-10-01,2023,10,31,159,281.5,5496252,51.217,429.4,8416782,51.017,386.1,6857595,56.303,90.6,1867504,48.514,157.4,2923441,53.841,27.2,573952,47.391,53.39,52.718,118.31,212.82,218.07,111.69,196.0,0,0,0,validation
2023-11-01,2023,11,30,160,278.4,5506198,50.561,427.8,8426890,50.766,376.2,6869139,54.767,89.7,1869193,47.989,157.4,2930428,53.712,27.7,574081,48.251,52.563,52.043,116.8,194.1,199.67,100.96,196.0,0,0,0,validation
2023-12-01,2023,12,31,161,282.9,5516476,51.283,440.9,8437334,52.256,388.1,6881068,56.401,87.0,1870937,46.501,156.5,2937647,53.274,28.4,574214,49.459,54.118,53.01,118.46,184.39,190.1,97.49,196.0,0,0,0,validation
2024-01-01,2024,1,31,162,288.7,5527498,52.23,414.2,8450983,49.012,362.8,6897238,52.601,87.7,1873566,46.809,155.4,2946165,52.747,28.1,574470,48.915,50.625,50.338,120.65,182.9,189.54,98.96,195.0,0,0,0,validation
2024-02-01,2024,2,29,163,277.3,5537810,50.074,408.9,8463752,48.312,356.9,6912364,51.632,88.3,1876026,47.068,157.7,2954133,53.383,26.3,574709,45.762,49.805,49.77,115.67,193.03,198.61,99.45,195.0,0,0,0,validation
2024-03-01,2024,3,31,164,294.8,5548832,53.128,443.3,8477401,52.292,389.8,6928534,56.26,89.4,1878655,47.587,162.4,2962651,54.816,29.7,574965,51.655,54.077,53.329,122.73,205.12,211.26,112.28,195.0,0,0,0,validation
2024-04-01,2024,4,30,165,271.0,5556434,48.772,396.0,8482230,46.686,347.7,6935928,50.13,84.1,1879812,44.739,150.5,2967760,50.712,25.0,574899,43.486,48.235,48.036,112.66,204.41,211.03,102.96,198.0,0,0,0,validation
2024-05-01,2024,5,31,166,295.6,5564288,53.124,428.2,8487221,50.452,386.1,6943567,55.605,94.3,1881007,50.133,158.5,2973038,53.312,25.0,574831,43.491,52.771,52.239,122.72,199.16,204.79,108.79,198.0,0,0,0,validation
2024-06-01,2024,6,30,167,273.2,5571890,49.032,392.3,8492050,46.196,345.1,6950961,49.648,81.2,1882164,43.142,144.7,2978147,48.587,23.0,574765,40.016,47.75,47.183,113.26,199.16,204.88,100.46,198.0,0,0,0,validation
2024-07-01,2024,7,31,168,291.2,5579868,52.188,408.6,8501301,48.063,364.2,6960411,52.324,87.4,1883831,46.395,152.7,2984012,51.173,24.3,574970,42.263,49.982,49.585,120.55,190.26,196.25,102.38,184.0,0,0,0,validation
2024-08-01,2024,8,31,169,291.6,5587846,52.185,424.8,8510553,49.915,367.9,6969862,52.784,89.2,1885497,47.308,154.2,2989877,51.574,24.8,575174,43.117,51.207,50.607,120.55,185.59,191.84,100.11,184.0,0,0,1,policy
2024-09-01,2024,9,30,170,275.7,5595566,49.271,418.5,8519506,49.123,352.7,6979007,50.537,84.8,1887110,44.936,152.8,2995553,51.009,23.9,575372,41.538,49.76,49.193,113.82,176.61,182.81,90.07,184.0,0,0,1,policy
2024-10-01,2024,10,31,171,291.4,5603934,51.999,430.5,8525966,50.493,386.2,6987365,55.271,86.7,1888496,45.91,167.2,3000824,55.718,25.1,575675,43.601,52.645,52.093,120.12,179.96,186.72,97.09,181.0,0,0,1,policy
2024-11-01,2024,11,30,172,286.7,5612031,51.087,428.4,8532217,50.21,366.2,6995452,52.348,88.9,1889838,47.041,159.3,3005926,52.995,26.9,575968,46.704,51.173,50.766,118.01,181.72,187.86,95.97,181.0,0,0,1,policy
2024-12-01,2024,12,31,173,289.2,5620399,51.455,451.8,8538677,52.912,379.0,7003810,54.113,85.9,1891224,45.42,168.8,3011197,56.057,29.3,576271,50.844,53.453,52.851,118.86,183.99,191.5,98.5,181.0,0,0,1,policy
2025-01-01,2025,1,31,174,273.5,5630382,48.576,410.8,8550546,48.044,353.6,7017905,50.385,84.6,1893713,44.674,137.9,3018371,45.687,28.6,576624,49.599,49.099,48.028,112.21,185.74,192.05,93.29,183.0,0,0,1,policy
2025-02-01,2025,2,28,175,246.5,5639400,43.71,399.8,8561265,46.699,342.3,7030635,48.687,78.0,1895960,41.14,136.2,3024850,45.027,26.1,576944,45.238,47.595,46.408,100.97,189.88,196.63,85.91,183.0,0,0,1,policy
2025-03-01,2025,3,31,176,262.6,5649383,46.483,439.8,8573134,51.3,383.3,7044730,54.409,85.2,1898449,44.879,147.5,3032024,48.647,27.2,577297,47.116,52.702,51.088,107.38,190.48,197.1,91.62,183.0,0,0,1,policy
2025-04-01,2025,4,30,177,268.4,5656247,47.452,416.2,8577827,48.52,357.3,7051096,50.673,82.3,1899505,43.327,145.8,3036291,48.019,25.7,577472,44.504,49.492,48.478,109.61,175.48,181.55,86.15,177.0,0,0,1,policy
2025-05-01,2025,5,31,178,273.6,5663339,48.311,418.6,8582676,48.773,380.5,7057675,53.913,78.8,1900596,41.461,142.8,3040699,46.963,25.8,577652,44.664,51.092,49.349,111.6,174.0,180.75,87.32,177.0,0,0,1,policy
2025-06-01,2025,6,30,179,264.7,5670203,46.683,407.4,8587369,47.442,349.0,7064041,49.405,75.0,1901652,39.439,132.5,3044966,43.514,23.4,577827,40.497,48.328,46.563,107.84,173.34,179.5,83.8,177.0,0,0,1,policy
2025-07-01,2025,7,31,180,277.4,5677967,48.856,412.2,8597735,47.943,354.8,7074094,50.155,79.4,1903545,41.712,141.0,3050988,46.215,24.0,578033,41.52,48.941,47.651,112.86,184.37,191.42,93.52,181.0,0,0,1,policy
2025-08-01,2025,8,31,181,274.4,5685732,48.261,413.6,8608101,48.048,360.1,7084147,50.832,83.3,1905437,43.717,138.7,3057010,45.371,24.2,578239,41.851,49.305,47.978,111.48,183.42,190.33,91.86,181.0,0,0,1,policy
2025-09-01,2025,9,30,182,271.0,5693246,47.6,421.1,8618132,48.862,347.7,7093876,49.014,78.2,1907269,41.001,139.1,3062838,45.415,24.3,578439,42.01,48.931,47.446,109.96,182.29,189.59,90.24,181.0,0,0,1,policy
2025-10-01,2025,10,31,183,293.0,5700012,51.403,433.9,8623883,50.314,377.9,7101336,53.215,85.7,1908452,44.906,145.9,3067227,47.567,25.9,578657,44.759,51.624,50.151,118.74,180.56,188.05,96.66,182.0,0,0,1,policy
2025-11-01,2025,11,30,184,282.8,5706560,49.557,425.4,8629449,49.296,357.0,7108556,50.221,78.7,1909597,41.213,144.2,3071475,46.948,25.3,578867,43.706,49.714,48.239,114.48,183.96,190.6,94.46,182.0,0,0,1,policy
2025-12-01,2025,12,31,185,289.0,5713326,50.583,457.3,8635200,52.958,385.3,7116016,54.145,87.7,1910780,45.897,153.6,3075864,49.937,28.6,579085,49.388,53.494,52.0,116.85,181.96,189.23,95.75,182.0,0,0,1,policy
2026-01-01,2026,1,31,186,269.7,5722328,47.131,413.6,8647223,47.83,344.8,7129176,48.365,84.2,1912866,44.018,138.8,3082876,45.023,27.6,579638,47.616,48.072,47.063,108.87,179.3,186.2,87.76,193.0,0,0,1,policy
2026-02-01,2026,2,28,187,238.2,5730459,41.567,403.2,8658082,46.569,346.8,7141062,48.564,78.2,1914750,40.841,135.2,3089210,43.765,25.1,580138,43.266,47.471,46.043,96.02,169.45,176.32,73.32,193.0,0,0,1,policy
2026-03-01,2026,3,31,188,270.7,5739461,47.165,439.0,8670105,50.634,375.0,7154221,52.417,87.0,1916836,45.387,150.1,3096222,48.478,28.1,580691,48.391,51.44,50.219,108.95,227.94,234.36,110.54,193.0,0,0,1,policy
2026-04-01,2026,4,30,189,241.3,5747032,41.987,395.8,8678235,45.608,332.1,7163422,46.361,77.1,1918376,40.19,132.1,3101633,42.59,24.2,580975,41.654,45.948,44.727,96.99,207.75,213.6,89.72,185.0,0,1,1,policy
2026-05-01,2026,5,31,190,251.0,5754613,43.617,399.0,8686373,45.934,342.3,7172634,47.723,75.4,1919918,39.273,133.5,3107053,42.967,24.1,581259,41.462,46.743,45.319,100.76,181.22,187.74,81.89,185.0,0,1,1,policy
2026-06-01,2026,6,30,191,258.0,5762204,44.775,430.9,8694519,49.56,357.8,7181859,49.82,75.7,1921461,39.397,139.2,3112483,44.723,25.6,581543,44.021,49.678,47.813,103.43,166.43,172.65,77.3,185.0,0,1,1,policy
