month,Fuel_Type,stations,days,price_cpl
2023-08-01,Diesel,265,265,215.18981132075473
2023-09-01,Diesel,925,22507,220.67814902030477
2023-10-01,Diesel,932,28703,223.09385778490054
2023-11-01,Diesel,934,27913,215.16975602765737
2023-12-01,Diesel,934,28921,201.13999861692196
2024-01-01,Diesel,935,28939,195.92443761014547
2024-02-01,Diesel,936,27060,202.72014781966
2024-03-01,Diesel,937,28975,203.54813459879205
2024-04-01,Diesel,940,28086,203.40147404400767
2024-05-01,Diesel,938,29021,200.88182695289618
2024-06-01,Diesel,944,28162,195.9464633193665
2024-07-01,Diesel,950,29349,196.55870046679615
2024-08-01,Diesel,955,29504,192.43415130151843
2024-09-01,Diesel,955,28594,184.63266069804854
2024-10-01,Diesel,957,29529,181.4176809238376
2024-11-01,Diesel,954,28574,181.8864422202002
2024-12-01,Diesel,956,29533,183.24629059018724
2025-01-01,Diesel,958,29580,189.27580797836376
2025-02-01,Diesel,957,26755,192.3304765464399
2025-03-01,Diesel,959,29663,191.11132050028655
2025-04-01,Diesel,961,28783,187.77623597262271
2025-05-01,Diesel,962,29705,182.42264265275205
2025-06-01,Diesel,961,28821,182.61300787620138
2025-07-01,Diesel,965,29823,186.34146464138416
2025-08-01,Diesel,993,30381,187.5535038346335
2025-09-01,Diesel,1037,30198,187.64464534075105
2025-10-01,Diesel,1034,31977,187.21468555524285
2025-11-01,Diesel,1038,31073,191.78107360087535
2025-12-01,Diesel,1042,32203,190.8605813123001
2026-01-01,Diesel,1041,32236,184.89604169251768
2026-02-01,Diesel,1041,29083,183.18803080837603
2026-03-01,Diesel,1047,32148,263.757434366057
2026-04-01,Diesel,1042,31154,299.11988187712655
2026-05-01,Diesel,1036,32021,241.10720464695046
2026-06-01,Diesel,1033,30869,205.11628170656644
2026-07-01,Diesel,1030,31804,209.9184064897497
2026-08-01,Diesel,1034,25179,249.50419794273006
2023-08-01,PULP 95/96 RON,565,565,226.54407079646018
2023-09-01,PULP 95/96 RON,927,25290,219.76277580071172
2023-10-01,PULP 95/96 RON,931,28675,220.79048299912816
2023-11-01,PULP 95/96 RON,934,27904,211.0980397075688
2023-12-01,PULP 95/96 RON,933,28845,199.59693881088577
2024-01-01,PULP 95/96 RON,930,28830,202.53946930280958
2024-02-01,PULP 95/96 RON,931,26986,208.32490921218408
2024-03-01,PULP 95/96 RON,935,28901,216.8852980865714
2024-04-01,PULP 95/96 RON,937,28059,219.48705941052782
2024-05-01,PULP 95/96 RON,938,29035,212.63969691751336
2024-06-01,PULP 95/96 RON,939,28108,211.26646150562118
2024-07-01,PULP 95/96 RON,942,29116,206.93001442505837
2024-08-01,PULP 95/96 RON,944,29176,200.7658726350425
2024-09-01,PULP 95/96 RON,944,28253,192.16463384419353
2024-10-01,PULP 95/96 RON,945,29249,193.97453246264828
2024-11-01,PULP 95/96 RON,946,28309,193.88060687413898
2024-12-01,PULP 95/96 RON,949,29329,199.82055985543317
2025-01-01,PULP 95/96 RON,949,29246,199.087731655611
2025-02-01,PULP 95/96 RON,939,26265,203.9985798591281
2025-03-01,PULP 95/96 RON,941,29091,203.6244817984944
2025-04-01,PULP 95/96 RON,941,28154,193.33194217517936
2025-05-01,PULP 95/96 RON,943,29154,192.9537867874048
2025-06-01,PULP 95/96 RON,942,28228,190.7406794671957
2025-07-01,PULP 95/96 RON,942,29099,196.96108457335305
2025-08-01,PULP 95/96 RON,939,29005,195.4540286157559
2025-09-01,PULP 95/96 RON,939,28060,197.42743406985034
2025-10-01,PULP 95/96 RON,934,28883,196.53771076411732
2025-11-01,PULP 95/96 RON,932,27890,199.65325564718538
2025-12-01,PULP 95/96 RON,933,28875,196.8899774891775
2026-01-01,PULP 95/96 RON,933,28923,194.43139370051514
2026-02-01,PULP 95/96 RON,934,26132,190.1937739170366
2026-03-01,PULP 95/96 RON,937,28883,244.46838624796592
2026-04-01,PULP 95/96 RON,933,27910,227.43250806162663
2026-05-01,PULP 95/96 RON,929,28742,202.456102567671
2026-06-01,PULP 95/96 RON,929,27783,186.53122412986357
2026-07-01,PULP 95/96 RON,930,28622,195.69130039829503
2026-08-01,PULP 95/96 RON,922,21970,220.53787437414658
2023-08-01,PULP 98 RON,683,683,235.08843338213765
2023-09-01,PULP 98 RON,1207,32682,227.60797686800075
2023-10-01,PULP 98 RON,1216,37516,228.47803337242777
2023-11-01,PULP 98 RON,1221,36501,218.8603901262979
2023-12-01,PULP 98 RON,1227,37978,207.60514771709936
2024-01-01,PULP 98 RON,1229,38054,210.55125085404953
2024-02-01,PULP 98 RON,1231,35658,216.1040720174996
2024-03-01,PULP 98 RON,1235,38131,225.05849308961214
2024-04-01,PULP 98 RON,1239,37110,227.59169226623553
2024-05-01,PULP 98 RON,1241,38423,220.5894698487885
2024-06-01,PULP 98 RON,1246,37311,219.28399935675807
2024-07-01,PULP 98 RON,1250,38689,214.71673602315906
2024-08-01,PULP 98 RON,1254,38803,208.54623869288457
2024-09-01,PULP 98 RON,1256,37643,199.7768004675504
2024-10-01,PULP 98 RON,1260,39030,201.67213169356904
2024-11-01,PULP 98 RON,1265,37865,201.57469694968967
2024-12-01,PULP 98 RON,1271,39314,207.66165742483594
2025-01-01,PULP 98 RON,1282,39501,206.76579833421937
2025-02-01,PULP 98 RON,1281,35868,211.57333556373368
2025-03-01,PULP 98 RON,1283,39702,211.3436401188857
2025-04-01,PULP 98 RON,1284,38486,200.81093124772644
2025-05-01,PULP 98 RON,1286,39766,200.29620027158882
2025-06-01,PULP 98 RON,1287,38582,198.2643253330569
2025-07-01,PULP 98 RON,1292,39901,204.39811784165812
2025-08-01,PULP 98 RON,1295,40087,202.77515154538878
2025-09-01,PULP 98 RON,1296,38879,205.2145785642635
2025-10-01,PULP 98 RON,1298,40213,204.28827742272398
2025-11-01,PULP 98 RON,1301,38945,207.5626036718449
2025-12-01,PULP 98 RON,1302,40281,204.81577666890098
2026-01-01,PULP 98 RON,1302,40312,201.9426671958722
2026-02-01,PULP 98 RON,1300,36390,197.66568562791977
2026-03-01,PULP 98 RON,1306,40233,253.2628663037805
2026-04-01,PULP 98 RON,1299,38918,235.52013207256283
2026-05-01,PULP 98 RON,1299,40132,209.98029751818999
2026-06-01,PULP 98 RON,1297,38865,194.21984561945195
2026-07-01,PULP 98 RON,1298,39985,203.56590471426784
2026-08-01,PULP 98 RON,1287,30333,228.82870800778034
2023-08-01,Unleaded,726,726,212.46060606060604
2023-09-01,Unleaded,1491,39284,205.98633031259547
2023-10-01,Unleaded,1512,46471,206.69223171440254
2023-11-01,Unleaded,1523,45500,197.7797054945055
2023-12-01,Unleaded,1528,47323,187.14390465524164
2024-01-01,Unleaded,1530,47393,188.9558204798177
2024-02-01,Unleaded,1533,44392,195.14784195350515
2024-03-01,Unleaded,1536,47528,202.66837443191383
2024-04-01,Unleaded,1540,46120,205.1021097137901
2024-05-01,Unleaded,1541,47727,199.2038028788736
2024-06-01,Unleaded,1549,46312,196.93109777163585
2024-07-01,Unleaded,1554,48102,193.1975510373789
2024-08-01,Unleaded,1561,48266,187.5262917996105
2024-09-01,Unleaded,1564,46897,179.26329189500396
2024-10-01,Unleaded,1569,48568,180.3356428100807
2024-11-01,Unleaded,1571,47045,180.37230098841536
2024-12-01,Unleaded,1575,48736,185.17875492449113
2025-01-01,Unleaded,1575,48775,185.10722911327525
2025-02-01,Unleaded,1572,44016,189.3417030170847
2025-03-01,Unleaded,1575,48728,188.97496306025283
2025-04-01,Unleaded,1577,47276,179.8775911667654
2025-05-01,Unleaded,1579,48856,178.60417962993284
2025-06-01,Unleaded,1577,47269,176.9099071272927
2025-07-01,Unleaded,1578,48842,182.32969780107285
2025-08-01,Unleaded,1582,48926,181.01203858888934
2025-09-01,Unleaded,1584,47445,183.1077542417536
2025-10-01,Unleaded,1584,49061,182.07396710217893
2025-11-01,Unleaded,1586,47533,184.93860475879916
2025-12-01,Unleaded,1586,49103,182.6421155530212
2026-01-01,Unleaded,1586,49115,179.68688791611524
2026-02-01,Unleaded,1586,44384,175.7290960706561
2026-03-01,Unleaded,1593,49250,229.70533197969544
2026-04-01,Unleaded,1598,47876,214.28757832734564
2026-05-01,Unleaded,1596,49339,188.31058189262043
2026-06-01,Unleaded,1593,47722,173.6686706340891
2026-07-01,Unleaded,1591,49159,181.68643178258304
2026-08-01,Unleaded,1578,36458,205.2852844368863
2023-08-01,e10,615,615,211.2582113821138
2023-09-01,e10,949,26597,203.25711170432754
2023-10-01,e10,953,29426,204.10825460477128
2023-11-01,e10,957,28634,193.8793636935112
2023-12-01,e10,960,29674,182.05527060726564
2024-01-01,e10,958,29671,186.00133126621955
2024-02-01,e10,958,27755,191.34704017294183
2024-03-01,e10,962,29714,201.00230531062797
2024-04-01,e10,964,28860,203.8098821898822
2024-05-01,e10,965,29872,195.7733998393144
2024-06-01,e10,967,28973,194.62452283160184
2024-07-01,e10,969,29977,189.56894952797145
2024-08-01,e10,973,30122,183.2655567359405
2024-09-01,e10,975,29208,174.11360928512735
2024-10-01,e10,977,30242,176.74561536935386
2024-11-01,e10,981,29340,176.6292126789366
2024-12-01,e10,986,30479,182.92027625578265
2025-01-01,e10,988,30577,181.29270039572228
2025-02-01,e10,986,27608,186.52767676035933
2025-03-01,e10,987,30571,186.41803015930128
2025-04-01,e10,990,29652,174.55780385808714
2025-05-01,e10,990,30643,174.34285154847763
2025-06-01,e10,990,29682,172.04663432383262
2025-07-01,e10,990,30681,178.88179655161176
2025-08-01,e10,992,30720,177.11888997395835
2025-09-01,e10,993,29744,179.5229020979021
2025-10-01,e10,992,30746,178.2668086905614
2025-11-01,e10,992,29698,181.82838238265202
2025-12-01,e10,991,30648,178.9028517358392
2026-01-01,e10,991,30675,175.93327139364303
2026-02-01,e10,989,27686,170.93918948204868
2026-03-01,e10,990,30649,226.7948840092662
2026-04-01,e10,990,29671,205.67956253580937
2026-05-01,e10,989,30619,181.21105196120055
2026-06-01,e10,990,29655,165.58969819591977
2026-07-01,e10,991,30626,175.3485731078169
2026-08-01,e10,986,24282,200.70333580429948
