date,actual,predicted,split
2023-08-01,18.48,18.730733033658414,validation
2023-08-02,15.65,12.053784639107079,validation
2023-08-03,15.3,15.982963353428751,validation
2023-08-04,14.95,16.113856498228277,validation
2023-08-05,9.83,16.244253530779403,validation
2023-08-06,11.3,15.493212678093666,validation
2023-08-07,20.0,20.959128181584536,validation
2023-08-08,16.7,18.32127500695161,validation
2023-08-09,15.04,17.506601039886004,validation
2023-08-10,17.26,17.568059129723895,validation
2023-08-11,24.26,19.670876206989934,validation
2023-08-12,18.3,15.911423895229007,validation
2023-08-13,16.65,16.371708007600102,validation
2023-08-14,22.82,19.296318773633995,validation
2023-08-15,20.43,16.976413023796734,validation
2023-08-16,9.57,11.026102004121743,validation
2023-08-17,18.04,13.771492292361796,validation
2023-08-18,12.78,11.076978268319408,validation
2023-08-19,8.52,11.524931009587739,validation
2023-08-20,12.91,17.61055021359209,validation
2023-08-21,17.13,18.695338705458845,validation
2023-08-22,16.22,17.664847823155565,validation
2023-08-23,17.39,17.79254238741653,validation
2023-08-24,15.57,14.777629815962122,validation
2023-08-25,14.48,16.061921750270233,validation
2023-08-26,10.83,16.5855858712146,validation
2023-08-27,6.35,13.46904185419029,validation
2023-08-28,14.39,18.93020689378103,validation
2023-08-29,15.17,18.416735039385816,validation
2023-08-30,15.65,16.285582183707845,validation
2023-08-31,14.7,15.453994616862971,validation
2023-09-01,15.22,15.965573191736127,validation
2023-09-02,6.61,9.967598548245082,validation
2023-09-03,7.09,10.919901598268751,validation
2023-09-04,12.74,15.283936919334405,validation
2023-09-05,10.61,14.634048146679138,validation
2023-09-06,13.7,14.273601023555457,validation
2023-09-07,15.22,12.37752849745134,validation
2023-09-08,11.78,10.788288415529369,validation
2023-09-09,8.74,13.827551814760405,validation
2023-09-10,5.74,14.125131304686644,validation
2023-09-11,12.3,15.441817542127314,validation
2023-09-12,12.09,18.637475406492616,validation
2023-09-13,15.05,18.633264566972194,validation
2023-09-14,14.91,15.605493994114607,validation
2023-09-15,14.91,16.045313644705537,validation
2023-09-16,12.3,13.775884601220216,validation
2023-09-17,8.78,12.194737969860217,validation
2023-09-18,13.65,15.889567359749481,validation
2023-09-19,14.39,14.365986098298524,validation
2023-09-20,10.3,12.878931521678815,validation
2023-09-21,16.04,13.793721878941508,validation
2023-09-22,11.22,4.672232452709999,validation
2023-09-23,9.26,8.281225723670886,validation
2023-09-24,6.35,8.511401780174875,validation
2023-09-25,16.0,16.040657959044363,validation
2023-09-26,14.3,14.89268948050838,validation
2023-09-27,12.57,13.977507523439431,validation
2023-09-28,18.65,13.458048057586527,validation
2023-09-29,12.17,11.462295682148987,validation
2023-09-30,8.39,9.537067007438111,validation
2023-10-01,7.83,8.176644787975185,validation
2023-10-02,5.52,9.089560581275364,validation
2023-10-03,11.35,11.937415974293692,validation
2023-10-04,7.65,3.349249449573077,validation
2023-10-05,16.78,13.656761060457306,validation
2023-10-06,14.52,11.928501293914227,validation
2023-10-07,9.52,8.641614125950397,validation
2023-10-08,9.26,11.09097963701024,validation
2023-10-09,13.39,16.934229297894873,validation
2023-10-10,15.19,15.483096044981966,validation
2023-10-11,16.38,13.315804390743711,validation
2023-10-12,13.26,10.051124772127046,validation
2023-10-13,10.78,9.78444321130958,validation
2023-10-14,6.83,10.159228967482143,validation
2023-10-15,5.17,9.54544346940331,validation
2023-10-16,9.22,12.052367999289874,validation
2023-10-17,10.78,9.878015730971022,validation
2023-10-18,13.26,11.61781703283119,validation
2023-10-19,14.13,14.409099475716197,validation
2023-10-20,10.43,12.64726348249782,validation
2023-10-21,7.26,9.187572914642459,validation
2023-10-22,2.48,3.856703685507453,validation
2023-10-23,5.91,7.732355853826214,validation
2023-10-24,5.35,4.553627715001946,validation
2023-10-25,6.13,4.474889845596272,validation
2023-10-26,9.96,11.45888817463793,validation
2023-10-27,13.22,12.985000247354815,validation
2023-10-28,5.78,8.679840273369816,validation
2023-10-29,4.74,11.173387295060113,validation
2023-10-30,10.04,13.401373242629937,validation
2023-10-31,13.26,13.87533519724835,validation
2023-11-01,11.13,10.44332524881618,validation
2023-11-02,9.91,11.713191022119311,validation
2023-11-03,13.74,12.092131308729126,validation
2023-11-04,6.22,7.612457537968013,validation
2023-11-05,5.22,10.716264490378908,validation
2023-11-06,10.65,15.853366675830536,validation
2023-11-07,10.57,15.986138405761459,validation
2023-11-08,9.61,11.71373428427166,validation
2023-11-09,9.61,11.884236791536193,validation
2023-11-10,11.13,10.406970293114252,validation
2023-11-11,7.3,10.7730216080062,validation
2023-11-12,5.83,8.367043147815398,validation
2023-11-13,7.04,10.469564327337839,validation
2023-11-14,6.0,9.853246630619605,validation
2023-11-15,7.7,9.072326784425833,validation
2023-11-16,11.35,9.677950539649814,validation
2023-11-17,9.91,6.426281239813316,validation
2023-11-18,3.22,6.823193624950846,validation
2023-11-19,3.3,6.609629561801939,validation
2023-11-20,9.78,11.70392671704591,validation
2023-11-21,8.87,11.860201262035257,validation
2023-11-22,8.39,9.28160616068429,validation
2023-11-23,7.17,9.762140417022927,validation
2023-11-24,6.0,7.49412934558464,validation
2023-11-25,6.13,10.331843911447827,validation
2023-11-26,4.17,9.07944539201075,validation
2023-11-27,8.48,14.032830887261536,validation
2023-11-28,12.39,15.504444380583855,validation
2023-11-29,10.09,13.677648335525578,validation
2023-11-30,19.0,15.075533055433894,validation
2023-12-01,18.91,13.419989531830264,validation
2023-12-02,9.26,12.010288850483136,validation
2023-12-03,6.35,9.096160893427164,validation
2023-12-04,8.26,13.21950505510651,validation
2023-12-05,6.1,9.328979281699727,validation
2023-12-06,9.48,9.779784327120336,validation
2023-12-07,9.82,10.097939908873336,validation
2023-12-08,7.83,9.047936308968456,validation
2023-12-09,4.22,3.6659169063414163,validation
2023-12-10,3.35,3.982819591931232,validation
2023-12-11,4.86,7.925299262403747,validation
2023-12-12,7.43,8.215107952795648,validation
2023-12-13,7.83,7.35938059988957,validation
2023-12-14,8.04,7.185630462135424,validation
2023-12-15,15.3,9.541490645270496,validation
2023-12-16,9.04,8.208340027733051,validation
2023-12-17,6.04,4.571888774978473,validation
2023-12-18,4.43,4.361692977747198,validation
2023-12-19,4.96,5.696901703374434,validation
2023-12-20,5.3,6.610579744431376,validation
2023-12-21,11.78,14.32335068493597,validation
2023-12-22,11.7,12.04796295482663,validation
2023-12-23,4.09,8.893395381955262,validation
2023-12-24,10.87,12.368237920783116,validation
2023-12-25,2.91,7.687636794729987,validation
2023-12-26,6.83,8.52465398217318,validation
2023-12-27,6.17,9.471350040352853,validation
2023-12-28,10.35,12.603747641406482,validation
2023-12-29,10.7,9.478828385373028,validation
2023-12-30,8.17,8.9324320281792,validation
2023-12-31,4.52,7.229649408939104,validation
2024-01-01,10.04,8.5556211618973,validation
2024-01-02,10.48,9.50561655419968,validation
2024-01-03,8.7,11.899167416245106,validation
2024-01-04,5.43,10.518355930384754,validation
2024-01-05,8.9,6.621683370464161,validation
2024-01-06,4.65,2.3344546507728134,validation
2024-01-07,4.0,6.39037621734846,validation
2024-01-08,8.17,12.298802857388598,validation
2024-01-09,7.61,9.949909669282224,validation
2024-01-10,6.96,9.453907216176432,validation
2024-01-11,9.22,9.414358241783574,validation
2024-01-12,8.65,6.148295365191605,validation
2024-01-13,4.22,6.046615989089868,validation
2024-01-14,4.0,6.819016933826036,validation
2024-01-15,7.13,10.603350082328944,validation
2024-01-16,9.43,10.910838571478642,validation
2024-01-17,6.48,9.26165021830311,validation
2024-01-18,8.91,9.98789163373646,validation
2024-01-19,11.09,9.145225904800807,validation
2024-01-20,5.17,7.012394037255132,validation
2024-01-21,4.57,5.710788469688448,validation
2024-01-22,8.0,9.156730471250505,validation
2024-01-23,8.74,4.357816042485752,validation
2024-01-24,9.3,10.176480981834473,validation
2024-01-25,10.35,9.607354249978595,validation
2024-01-26,5.13,3.969625446915278,validation
2024-01-27,3.43,3.07646889127627,validation
2024-01-28,6.91,9.483627893118879,validation
2024-01-29,7.35,10.3474332062289,validation
2024-01-30,7.61,7.661008644221098,validation
2024-01-31,9.57,6.301637781637969,validation
2024-02-01,7.57,8.40162174547622,validation
2024-02-02,9.35,9.987772169622179,validation
2024-02-03,5.7,5.598871084958765,validation
2024-02-04,4.61,6.1810329167403895,validation
2024-02-05,6.13,6.628203612141621,validation
2024-02-06,6.43,7.792884469581465,validation
2024-02-07,6.87,5.166995698741244,validation
2024-02-08,8.96,8.772289850731994,validation
2024-02-09,11.0,10.318216423399512,validation
2024-02-10,7.09,9.277959182668706,validation
2024-02-11,4.22,5.880768139605194,validation
2024-02-12,9.09,13.184801517813831,validation
2024-02-13,9.17,12.14030671323157,validation
2024-02-14,11.87,12.537321571327805,validation
2024-02-15,7.61,8.817105081778504,validation
2024-02-16,13.3,12.479067548163695,validation
2024-02-17,6.35,10.47421752098916,validation
2024-02-18,4.91,9.484102307657107,validation
2024-02-19,10.91,16.001027339674085,validation
2024-02-20,10.04,14.902574213083184,validation
2024-02-21,12.36,14.335226454585793,validation
2024-02-22,10.87,12.181033503691971,validation
2024-02-23,12.13,9.46536674433596,validation
2024-02-24,13.13,12.02069153191244,validation
2024-02-25,6.87,9.989269109835632,validation
2024-02-26,10.09,13.377101765438084,validation
2024-02-27,10.74,10.951322888973735,validation
2024-02-28,10.26,12.344705329985576,validation
2024-02-29,11.78,10.647862294733045,validation
2024-03-01,11.17,9.182502412377804,validation
2024-03-02,6.7,9.645074533510858,validation
2024-03-03,10.35,10.46699169782514,validation
2024-03-04,10.74,12.470989156064327,validation
2024-03-05,13.09,12.305476663235325,validation
2024-03-06,10.78,12.594368522721407,validation
2024-03-07,11.22,12.007145674725137,validation
2024-03-08,12.17,6.893199722075502,validation
2024-03-09,5.7,2.7039485018170293,validation
2024-03-10,5.65,4.629273599180574,validation
2024-03-11,10.74,11.082017636075921,validation
2024-03-12,10.43,9.780699281242132,validation
2024-03-13,10.65,8.607697105942403,validation
2024-03-14,14.18,12.93915669643787,validation
2024-03-15,13.52,8.889585132377999,validation
2024-03-16,8.39,6.183539088152133,validation
2024-03-17,6.04,10.022648349652652,validation
2024-03-18,10.61,13.16579029016749,validation
2024-03-19,11.09,12.236968362492885,validation
2024-03-20,11.83,13.132772477222158,validation
2024-03-21,13.91,7.981509260843258,validation
2024-03-22,12.48,6.127858773942701,validation
2024-03-23,8.35,11.267327941712967,validation
2024-03-24,11.43,12.525180053303089,validation
2024-03-25,16.39,17.69793075150288,validation
2024-03-26,15.39,14.536155441533811,validation
2024-03-27,12.7,11.878811316654616,validation
2024-03-28,13.74,10.818323825045152,validation
2024-03-29,7.26,6.9507760310287905,validation
2024-03-30,7.91,4.589992992444951,validation
2024-03-31,5.52,5.31474585862889,validation
2024-04-01,5.91,8.278453442108923,validation
2024-04-02,9.26,12.899667144248035,validation
2024-04-03,10.48,12.185494136911807,validation
2024-04-04,9.74,11.949511717456684,validation
2024-04-05,12.61,12.477442066023286,validation
2024-04-06,6.22,11.398045134568921,validation
2024-04-07,6.61,9.332073359061933,validation
2024-04-08,15.48,15.389807110141582,validation
2024-04-09,17.09,13.418705522167766,validation
2024-04-10,12.74,13.10795356857199,validation
2024-04-11,16.09,15.322386773991031,validation
2024-04-12,13.26,12.826287651711421,validation
2024-04-13,10.22,11.906194747203653,validation
2024-04-14,9.3,11.242529273885566,validation
2024-04-15,14.96,17.426255610631348,validation
2024-04-16,15.57,16.521521052885127,validation
2024-04-17,14.1,15.738499177635482,validation
2024-04-18,14.74,14.188521625991616,validation
2024-04-19,16.57,14.588528949216613,validation
2024-04-20,14.7,13.376249924398898,validation
2024-04-21,9.43,11.881424488351122,validation
2024-04-22,12.43,13.54601804151606,validation
2024-04-23,14.39,15.559954420404235,validation
2024-04-24,15.57,17.57287193296121,validation
2024-04-25,8.61,10.702023077280117,validation
2024-04-26,15.91,11.740274790783108,validation
2024-04-27,9.57,11.702742531388996,validation
2024-04-28,7.65,11.87755149934502,validation
2024-04-29,14.39,18.061048207410064,validation
2024-04-30,16.22,18.69125146608808,validation
2024-05-01,15.43,16.24189412261874,validation
2024-05-02,14.52,10.55323932131655,validation
2024-05-03,15.13,12.614148050335565,validation
2024-05-04,8.83,14.032295499004181,validation
2024-05-05,9.43,13.795543787321584,validation
2024-05-06,9.17,13.565856636213155,validation
2024-05-07,12.04,12.918961325292543,validation
2024-05-08,16.22,14.717869858673392,validation
2024-05-09,14.17,13.80724030582656,validation
2024-05-10,16.17,13.580248403682507,validation
2024-05-11,8.35,14.44589746754156,validation
2024-05-12,9.91,13.694455319462012,validation
2024-05-13,19.26,20.739229684202375,validation
2024-05-14,17.3,19.53501505145006,validation
2024-05-15,17.04,16.48777445413071,validation
2024-05-16,17.39,16.02438565893744,validation
2024-05-17,15.78,14.576284021742211,validation
2024-05-18,11.09,15.552431449083674,validation
2024-05-19,10.35,12.846359621299033,validation
2024-05-20,19.65,21.275183600133378,validation
2024-05-21,18.3,20.159052296017553,validation
2024-05-22,16.22,16.95753568911123,validation
2024-05-23,18.62,19.062381459870856,validation
2024-05-24,15.17,18.07005196708354,validation
2024-05-25,15.35,15.429407399862495,validation
2024-05-26,11.52,15.541923776855619,validation
2024-05-27,18.87,20.613578320368816,validation
2024-05-28,21.52,19.387095673676317,validation
2024-05-29,19.09,17.178597250591604,validation
2024-05-30,18.39,17.407892224628938,validation
2024-05-31,14.65,14.715915267677378,validation
2024-06-01,12.96,14.292410357668182,validation
2024-06-02,9.96,12.472256556697765,validation
2024-06-03,15.39,18.320232753252533,validation
2024-06-04,22.74,21.832157142173077,validation
2024-06-05,23.7,21.392550449517465,validation
2024-06-06,16.26,16.982680549556605,validation
2024-06-07,12.83,14.99954452021209,validation
2024-06-08,15.09,16.33421610948791,validation
2024-06-09,12.52,16.475145110733646,validation
2024-06-10,20.04,21.3115856279902,validation
2024-06-11,19.78,21.393524921322047,validation
2024-06-12,15.35,16.309194361699408,validation
2024-06-13,21.78,18.844286883720496,validation
2024-06-14,25.22,19.512786875964917,validation
2024-06-15,17.3,16.21676757542216,validation
2024-06-16,9.26,14.800239339340742,validation
2024-06-17,10.61,16.205032113413335,validation
2024-06-18,14.43,19.343767410112065,validation
2024-06-19,22.96,18.503937726682484,validation
2024-06-20,32.52,20.912562240583245,validation
2024-06-21,23.26,18.8168824563656,validation
2024-06-22,15.96,16.32477616934146,validation
2024-06-23,10.17,15.147254457149042,validation
2024-06-24,17.83,20.54690116407705,validation
2024-06-25,20.48,18.131652593805132,validation
2024-06-26,22.61,18.657295553860795,validation
2024-06-27,21.35,16.99087563452703,validation
2024-06-28,17.78,16.070667296013706,validation
2024-06-29,16.13,15.110359911072983,validation
2024-06-30,11.91,14.005542519051641,validation
2024-07-01,14.17,19.181216638394996,validation
2024-07-02,14.09,16.140561800620805,validation
2024-07-03,14.96,14.576985923904775,validation
2024-07-04,16.13,12.04654346746361,validation
2024-07-05,16.26,12.296225056655995,validation
2024-07-06,11.74,9.612327290420307,validation
2024-07-07,10.26,11.500367161929258,validation
2024-07-08,20.13,21.2690296903472,validation
2024-07-09,21.17,20.041848635591673,validation
2024-07-10,16.83,18.129714444661914,validation
2024-07-11,17.43,17.393445416081548,validation
2024-07-12,20.0,17.417556596623765,validation
2024-07-13,11.52,12.58102807201546,validation
2024-07-14,6.61,11.345044843645955,validation
2024-07-15,15.09,18.885430119080496,validation
2024-07-16,13.74,15.854241574218566,validation
2024-07-17,10.26,11.813195391065872,validation
2024-07-18,11.17,13.046708580401575,validation
2024-07-19,18.52,17.31371585481383,validation
2024-07-20,10.48,11.338679978118734,validation
2024-07-21,9.57,10.881489692332707,validation
2024-07-22,21.78,22.933171580927482,validation
2024-07-23,24.8,22.444666780189884,validation
2024-07-24,23.64,19.17395286837514,validation
2024-07-25,23.43,15.659806801908406,validation
2024-07-26,21.22,16.383452822975713,validation
2024-07-27,16.57,16.229793599837425,validation
2024-07-28,7.83,11.466719824841935,validation
2024-07-29,16.04,20.09838184227353,validation
2024-07-30,23.17,21.664506486316505,validation
2024-07-31,23.74,21.131174346569164,validation
2024-08-01,23.65,20.023908907726383,validation
2024-08-02,23.91,20.041043595369114,validation
2024-08-03,14.0,17.651321731612278,validation
2024-08-04,13.48,17.81749299888696,validation
2024-08-05,23.52,19.605336836705018,policy
2024-08-06,22.17,18.269855708446247,policy
2024-08-07,21.17,18.2024799176756,policy
2024-08-08,22.7,17.35598242187353,policy
2024-08-09,21.65,16.71068704946853,policy
2024-08-10,16.61,15.626336219138153,policy
2024-08-11,11.0,11.235096112807303,policy
2024-08-12,13.96,16.573093440651352,policy
2024-08-13,9.57,11.736560362072526,policy
2024-08-14,15.91,7.446897830212567,policy
2024-08-15,20.0,15.963429166022642,policy
2024-08-16,19.61,15.867976534947392,policy
2024-08-17,14.48,15.161036826828973,policy
2024-08-18,15.04,14.57006846839203,policy
2024-08-19,17.74,20.61598443338568,policy
2024-08-20,19.17,17.179412428368313,policy
2024-08-21,15.78,15.241841950540607,policy
2024-08-22,14.87,13.258992555080143,policy
2024-08-23,18.5,14.105860564787196,policy
2024-08-24,15.22,15.892532352097891,policy
2024-08-25,10.74,11.930979639463644,policy
2024-08-26,16.04,16.055390735686597,policy
2024-08-27,16.78,13.85460874283709,policy
2024-08-28,16.83,12.813585975451748,policy
2024-08-29,24.65,14.461297394275931,policy
2024-08-30,26.13,15.754338605679912,policy
2024-08-31,20.74,12.796314927145804,policy
2024-09-01,13.61,11.064107367153838,policy
2024-09-02,18.0,16.236246088250038,policy
2024-09-03,17.96,15.119525004279005,policy
2024-09-04,17.48,16.776244871184023,policy
2024-09-05,19.91,15.433712543344235,policy
2024-09-06,16.65,13.460749963965839,policy
2024-09-07,11.78,13.759959438632691,policy
2024-09-08,10.26,11.524793605506177,policy
2024-09-09,17.96,17.121561632262857,policy
2024-09-10,13.78,11.52614876447691,policy
2024-09-11,14.09,12.606765200317469,policy
2024-09-12,17.7,15.501987287707909,policy
2024-09-13,17.96,11.868055226339592,policy
2024-09-14,10.17,12.86420386056087,policy
2024-09-15,10.17,11.804660056806604,policy
2024-09-16,16.04,17.488627749573514,policy
2024-09-17,16.61,17.25079675065862,policy
2024-09-18,13.83,12.91502178924613,policy
2024-09-19,20.57,14.922279541800428,policy
2024-09-20,20.83,13.289488628720049,policy
2024-09-21,14.13,13.077207458201446,policy
2024-09-22,11.17,12.110639511872243,policy
2024-09-23,15.48,15.715873129509859,policy
2024-09-24,14.61,13.906639622564704,policy
2024-09-25,12.0,9.82950755323204,policy
2024-09-26,15.65,11.97549831863319,policy
2024-09-27,13.78,11.250981164555366,policy
2024-09-28,5.91,6.988502737505598,policy
2024-09-29,8.39,8.173433437693838,policy
2024-09-30,14.26,17.071913221552432,policy
2024-10-01,14.48,16.042416918805568,policy
2024-10-02,16.17,12.328780452998092,policy
2024-10-03,15.57,11.849436257400928,policy
2024-10-04,13.52,14.553661631905438,policy
2024-10-05,8.13,10.011349117811084,policy
2024-10-06,9.57,10.410032333588832,policy
2024-10-07,9.3,10.012848802798736,policy
2024-10-08,18.22,15.61885429938965,policy
2024-10-09,16.52,11.667080354113134,policy
2024-10-10,16.57,14.101055686103205,policy
2024-10-11,14.87,12.919122323356326,policy
2024-10-12,13.26,14.145003692949228,policy
2024-10-13,9.0,9.076271430847886,policy
2024-10-14,13.04,14.984574032038083,policy
2024-10-15,16.52,16.259815842863258,policy
2024-10-16,13.22,15.64374249155647,policy
2024-10-17,11.43,11.754285396353511,policy
2024-10-18,8.74,4.498824958128432,policy
2024-10-19,10.91,9.12545166337068,policy
2024-10-20,6.96,7.216578605273821,policy
2024-10-21,10.7,13.656700147810078,policy
2024-10-22,13.09,14.736240227591622,policy
2024-10-23,11.13,11.196857336831734,policy
2024-10-24,13.61,10.607876545913783,policy
2024-10-25,12.78,10.76210600263447,policy
2024-10-26,7.57,11.177938145191494,policy
2024-10-27,5.26,6.3467511935814365,policy
2024-10-28,16.91,18.639191171327436,policy
2024-10-29,12.78,16.933960022679674,policy
2024-10-30,8.74,8.727001193378033,policy
2024-10-31,10.9,7.694707138669083,policy
2024-11-01,16.43,12.170652812846996,policy
2024-11-02,6.96,8.75726205192944,policy
2024-11-03,4.09,5.282227547711216,policy
2024-11-04,8.0,10.791117415410937,policy
2024-11-05,9.22,9.082464844267141,policy
2024-11-06,8.0,7.337442998461826,policy
2024-11-07,9.74,5.901986565410361,policy
2024-11-08,19.0,8.113121484441862,policy
2024-11-09,6.13,7.882497447399771,policy
2024-11-10,5.91,7.3709632290932205,policy
2024-11-11,6.96,9.704310885844539,policy
2024-11-12,13.52,14.06237858875318,policy
2024-11-13,16.13,14.026042803876972,policy
2024-11-14,15.3,14.685479621805726,policy
2024-11-15,10.83,10.19906836024046,policy
2024-11-16,10.3,10.957199207246282,policy
2024-11-17,5.96,6.5141785791219675,policy
2024-11-18,9.13,11.556231515839237,policy
2024-11-19,14.87,16.339633050575802,policy
2024-11-20,15.52,15.54486120980993,policy
2024-11-21,13.22,11.070639457475231,policy
2024-11-22,13.43,12.616499560374491,policy
2024-11-23,7.0,12.541902225442218,policy
2024-11-24,4.78,10.466579630167317,policy
2024-11-25,8.17,14.048922934497071,policy
2024-11-26,8.78,11.368695864917367,policy
2024-11-27,8.48,9.918077381727326,policy
2024-11-28,8.0,8.744538784680046,policy
2024-11-29,4.87,8.222479225734546,policy
2024-11-30,3.52,1.2374932977268212,policy
2024-12-01,3.96,7.492944679512055,policy
2024-12-02,5.61,11.464700742279707,policy
2024-12-03,5.4,7.968020567105565,policy
2024-12-04,,9.267805140686773,policy
2024-12-05,6.05,6.886828586483809,policy
2024-12-06,8.48,8.389205438874681,policy
2024-12-07,5.17,6.060629822594166,policy
2024-12-08,5.91,9.401363860523698,policy
2024-12-09,8.7,10.328577083640031,policy
2024-12-10,13.5,15.611022753696009,policy
2024-12-11,13.22,10.48497475570111,policy
2024-12-12,10.35,12.583953545680169,policy
2024-12-13,9.7,10.405008513798553,policy
2024-12-14,10.57,9.952047453779056,policy
2024-12-15,5.17,4.446892895079933,policy
2024-12-16,6.39,4.483564037965957,policy
2024-12-17,8.22,9.343000911841635,policy
2024-12-18,11.61,12.148623895009873,policy
2024-12-19,10.65,6.945644773614859,policy
2024-12-20,8.87,11.728403262690218,policy
2024-12-21,7.83,8.030962159148627,policy
2024-12-22,5.61,6.209372752566312,policy
2024-12-23,5.91,9.283181351052452,policy
2024-12-24,8.04,11.175345220482203,policy
2024-12-25,3.22,6.970273213017062,policy
2024-12-26,3.65,5.677118289778598,policy
2024-12-27,4.78,8.325782547581595,policy
2024-12-28,5.13,5.18881279894847,policy
2024-12-29,4.65,6.19679685559451,policy
2024-12-30,6.96,11.709254618831356,policy
2024-12-31,7.17,12.786962571678714,policy
2025-01-01,6.22,5.064053359004539,policy
2025-01-02,8.22,7.717595374194293,policy
2025-01-03,7.74,8.383889340222083,policy
2025-01-04,5.43,7.784608014041419,policy
2025-01-05,4.35,7.072250912473393,policy
2025-01-06,6.83,11.393238897494612,policy
2025-01-07,8.04,11.739738265642929,policy
2025-01-08,7.91,10.259732761902074,policy
2025-01-09,11.83,11.992701430977611,policy
2025-01-10,8.78,7.457924401721549,policy
2025-01-11,10.13,10.184174728009609,policy
2025-01-12,5.74,8.267571384167553,policy
2025-01-13,8.74,13.869445433883172,policy
2025-01-14,9.0,11.581372622944393,policy
2025-01-15,8.83,8.408729238157942,policy
2025-01-16,14.68,8.040871262037095,policy
2025-01-17,16.7,12.360330637486172,policy
2025-01-18,10.09,8.533325525912907,policy
2025-01-19,6.04,3.2885934773449104,policy
2025-01-20,11.65,13.623458348810114,policy
2025-01-21,12.7,10.987881303849205,policy
2025-01-22,15.57,12.558597411190256,policy
2025-01-23,14.39,5.803081869881218,policy
2025-01-24,17.35,7.787934922631065,policy
2025-01-25,4.48,2.929089242518977,policy
2025-01-26,5.13,6.612929851314352,policy
2025-01-27,4.04,4.0118717132062525,policy
2025-01-28,8.13,11.081570071674394,policy
2025-01-29,,25.475760206948504,policy
2025-01-30,,24.65312078253149,policy
2025-01-31,,23.936612829785044,policy
2025-02-01,,23.25402858089161,policy
2025-02-02,,4.5782516114493665,policy
2025-02-03,,9.702132131919397,policy
2025-02-04,,10.268559168675267,policy
2025-02-05,,11.753219958153688,policy
2025-02-06,,11.13512690247738,policy
2025-02-07,10.74,10.343967116125931,policy
2025-02-08,7.26,9.55105154477865,policy
2025-02-09,5.57,7.775810530954706,policy
2025-02-10,6.91,10.321145338453775,policy
2025-02-11,9.78,10.535553963804134,policy
2025-02-12,8.43,9.128121543818207,policy
2025-02-13,9.83,8.469476991989335,policy
2025-02-14,9.96,7.2266577141247055,policy
2025-02-15,7.91,7.725370900136088,policy
2025-02-16,6.83,5.758778099904042,policy
2025-02-17,10.82,10.650622748265567,policy
2025-02-18,11.26,10.770441900401032,policy
2025-02-19,10.65,10.088473826410974,policy
2025-02-20,13.39,11.213912364522281,policy
2025-02-21,13.91,7.152068378527229,policy
2025-02-22,8.74,7.310496878752808,policy
2025-02-23,5.87,7.767341418304117,policy
2025-02-24,9.09,12.188301095233182,policy
2025-02-25,10.65,10.241576420938832,policy
2025-02-26,11.87,9.08303325286946,policy
2025-02-27,12.13,10.574087802390306,policy
2025-02-28,11.52,9.82718777345377,policy
2025-03-01,8.0,6.645018759702385,policy
2025-03-02,6.48,2.1961649834231936,policy
2025-03-03,11.04,9.854688796512782,policy
2025-03-04,10.78,11.321479308800807,policy
2025-03-11,8.78,12.384019865743868,policy
2025-03-12,10.7,12.09913138698636,policy
2025-03-13,10.04,12.08981567328146,policy
2025-03-14,10.74,12.024644717093544,policy
2025-03-15,8.61,10.690826435080812,policy
2025-03-16,7.26,9.753168872229313,policy
2025-03-17,11.09,11.514645171099236,policy
2025-03-18,12.36,6.63128687128426,policy
2025-03-19,12.7,10.41692042866805,policy
2025-03-20,12.43,13.053951107476601,policy
2025-03-21,10.83,24.269161705342047,policy
2025-03-22,9.87,9.271420904071919,policy
2025-03-23,7.87,9.550200496262335,policy
2025-03-24,9.52,12.886804884980418,policy
2025-03-25,12.7,13.901324728302292,policy
2025-03-26,12.35,10.330961920626098,policy
2025-03-27,,10.337276540771338,policy
2025-03-28,10.04,10.302418366455347,policy
2025-03-29,9.17,7.790322894031316,policy
2025-03-30,10.7,10.903106001214336,policy
2025-03-31,11.78,13.556620283855958,policy
2025-04-01,13.04,9.961395895012712,policy
2025-04-02,14.26,14.348489337269928,policy
2025-04-03,13.43,15.118327586533294,policy
2025-04-04,16.52,11.245791614091623,policy
2025-04-05,13.3,11.983983035520268,policy
2025-04-06,10.3,9.668057993257847,policy
2025-04-07,17.83,17.310159265773766,policy
2025-04-08,18.35,14.62906192147712,policy
2025-04-09,15.48,11.893174038069024,policy
2025-04-10,13.09,11.852854332949166,policy
2025-04-11,13.22,11.17488583290093,policy
2025-04-12,11.35,9.814688696188828,policy
2025-04-13,9.13,7.1184418683807955,policy
2025-04-14,15.04,13.442913514462825,policy
2025-04-15,14.3,12.410729835771441,policy
2025-04-16,15.83,13.18121514547003,policy
2025-04-17,14.45,14.17729520357804,policy
2025-04-18,10.0,8.190204865073058,policy
2025-04-19,10.3,6.843523244839275,policy
2025-04-20,8.09,4.932259112161562,policy
2025-04-21,8.65,9.772505135283192,policy
2025-04-22,16.61,16.953837450787237,policy
2025-04-23,15.96,16.617291997075743,policy
2025-04-24,15.22,11.651074685525767,policy
2025-04-25,9.52,6.989998939406906,policy
2025-04-26,9.78,13.113495580709486,policy
2025-04-27,10.91,11.914411646452319,policy
2025-04-28,16.04,14.680090074588222,policy
2025-04-29,15.09,16.964201385940388,policy
2025-04-30,14.74,14.723975734059945,policy
2025-05-01,17.09,15.173000720427329,policy
2025-05-02,14.74,10.138113192748836,policy
2025-05-03,10.35,11.209935573516733,policy
2025-05-04,9.09,11.256100858466292,policy
2025-05-05,9.48,11.59906993994004,policy
2025-05-06,15.17,16.094621351582862,policy
2025-05-07,15.43,17.17995258930311,policy
2025-05-08,18.35,14.913819452569012,policy
2025-05-09,15.0,8.377906592568788,policy
2025-05-10,11.04,11.25584896799478,policy
2025-05-11,10.74,11.395005581172619,policy
2025-05-12,15.87,16.472036398704066,policy
2025-05-13,13.52,15.239277523166084,policy
2025-05-14,15.64,13.016828339415271,policy
2025-05-15,15.13,15.017649107757208,policy
2025-05-16,15.52,16.205126802086372,policy
2025-05-17,15.26,14.430884096643368,policy
2025-05-18,11.57,13.624980237307348,policy
2025-05-19,14.74,16.247748131851612,policy
2025-05-20,16.0,17.846631683118513,policy
2025-05-21,19.3,18.147969682080802,policy
2025-05-22,19.91,16.659154415440067,policy
2025-05-23,20.65,15.091104188072691,policy
2025-05-24,18.09,15.105960410803043,policy
2025-05-25,14.35,14.63454537372963,policy
2025-05-26,18.13,16.038786466753184,policy
2025-05-27,11.48,14.132988435113038,policy
2025-05-28,13.96,14.035801996750667,policy
2025-05-29,19.3,16.437418493005733,policy
2025-05-30,14.91,14.21734028468537,policy
2025-05-31,13.7,11.464045041425711,policy
2025-06-01,9.7,10.186763871582395,policy
2025-06-02,14.91,17.305810244668375,policy
2025-06-03,12.65,14.385661139344371,policy
2025-06-04,10.52,13.420183369122777,policy
2025-06-05,17.17,16.570644767792654,policy
2025-06-06,20.04,18.465033549343598,policy
2025-06-07,21.39,16.717631260888115,policy
2025-06-08,15.35,13.983847894037744,policy
2025-06-09,13.87,16.963377273543056,policy
2025-06-10,11.7,15.701616037295778,policy
2025-06-11,16.59,16.969072238228183,policy
2025-06-12,19.96,20.054746448330366,policy
2025-06-13,19.52,19.646359020677718,policy
2025-06-14,18.96,18.649519527534164,policy
2025-06-15,16.78,18.07810274935765,policy
2025-06-16,23.65,22.715582109663185,policy
2025-06-17,21.7,20.414665813051467,policy
2025-06-18,19.87,18.18098886619484,policy
2025-06-19,17.78,17.75018469857279,policy
2025-06-20,21.22,16.483290802843914,policy
2025-06-21,13.48,14.879093967284916,policy
2025-06-22,12.0,13.944207009819433,policy
2025-06-23,21.0,19.466617861557626,policy
2025-06-24,17.0,18.281140653144124,policy
2025-06-25,13.3,13.673406847526145,policy
2025-06-26,21.39,19.37319501543521,policy
2025-06-27,19.35,17.964637206283694,policy
2025-06-28,13.09,12.866200468113654,policy
2025-06-29,10.61,13.155934703293312,policy
2025-06-30,12.57,15.936324464589841,policy
2025-07-01,11.0,12.560626328004606,policy
2025-07-02,8.09,7.968589321151644,policy
2025-07-03,11.22,10.707527720488182,policy
2025-07-04,22.09,15.610918616576082,policy
2025-07-05,19.35,16.801235450213948,policy
2025-07-06,13.13,12.485702031082823,policy
2025-07-07,19.13,18.876115730129445,policy
2025-07-08,22.09,20.856115457245163,policy
2025-07-09,23.7,19.216562942560092,policy
2025-07-10,15.96,13.148185424791645,policy
2025-07-11,18.14,13.964067577378081,policy
2025-07-12,19.83,17.015345545453687,policy
2025-07-13,20.13,17.351044112848268,policy
2025-07-14,26.04,22.598272740388825,policy
2025-07-15,31.35,22.721342787828068,policy
2025-07-16,21.91,20.269323874218305,policy
2025-07-17,26.52,17.838021448945494,policy
2025-07-18,22.87,17.17152991622979,policy
2025-07-19,15.57,15.39217723173076,policy
2025-07-20,14.83,16.246080949817166,policy
2025-07-21,17.96,16.573724042600038,policy
2025-07-22,21.83,18.090549414936756,policy
2025-07-23,21.26,17.164734810612135,policy
2025-07-24,21.74,18.422867475542514,policy
2025-07-25,21.35,18.451484673707387,policy
2025-07-26,17.78,15.900659485232282,policy
2025-07-27,9.87,11.337531780694077,policy
2025-07-28,13.39,13.512544486019106,policy
2025-07-29,22.91,20.969657902164666,policy
2025-07-30,21.22,17.76025313824457,policy
2025-07-31,11.74,14.197397313000863,policy
2025-08-01,19.65,16.154972171904365,policy
2025-08-02,13.04,14.524447574050573,policy
2025-08-03,7.87,12.783888585793285,policy
2025-08-04,20.3,17.521330906126334,policy
2025-08-05,22.83,20.520880349519242,policy
2025-08-06,23.78,20.016108618717535,policy
2025-08-07,21.0,13.763446014614388,policy
2025-08-08,20.87,12.683977756754938,policy
2025-08-09,15.61,11.545650335673312,policy
2025-08-10,11.26,10.419473963824004,policy
2025-08-11,16.74,18.910683213952385,policy
2025-08-12,18.73,19.83219346781193,policy
2025-08-13,17.26,13.510043083843591,policy
2025-08-14,20.04,17.711024633462547,policy
2025-08-15,17.74,16.729415904924725,policy
2025-08-16,22.57,18.05125184088598,policy
2025-08-17,13.3,15.698843514288093,policy
2025-08-18,17.57,20.83644972135821,policy
2025-08-19,21.48,17.826657016350413,policy
2025-08-20,20.52,19.25803720732028,policy
2025-08-21,20.96,17.853605658123673,policy
2025-08-22,21.7,16.18046322923424,policy
2025-08-23,17.39,16.262782313383877,policy
2025-08-24,12.48,14.27560958105488,policy
2025-08-25,17.87,19.8388078779108,policy
2025-08-26,16.74,16.096704658572325,policy
2025-08-27,18.48,18.459595722682753,policy
2025-08-28,20.26,14.75242628981104,policy
2025-08-29,21.74,16.91427581012822,policy
2025-08-30,10.83,11.214372756788968,policy
2025-08-31,8.13,15.592003313942456,policy
2025-09-01,19.0,19.481690813868273,policy
2025-09-02,16.04,18.66059100182245,policy
2025-09-03,18.87,17.799707235985142,policy
2025-09-04,18.52,15.473569307840322,policy
2025-09-05,19.39,11.761024608222687,policy
2025-09-06,11.0,10.23397126943344,policy
2025-09-07,10.26,13.423096520775477,policy
2025-09-08,14.18,17.472406593302917,policy
2025-09-09,14.48,17.276645702560312,policy
2025-09-10,16.48,13.037096490976456,policy
2025-09-11,8.13,7.649609136607868,policy
2025-09-12,15.35,16.3315078386205,policy
2025-09-13,14.3,14.191084762602127,policy
2025-09-14,11.3,13.529224022597589,policy
2025-09-15,15.74,18.18854874857531,policy
2025-09-16,11.65,14.458749493682397,policy
2025-09-17,12.52,11.492738525718543,policy
2025-09-18,12.35,12.228124588614932,policy
2025-09-19,11.52,8.39642519975909,policy
2025-09-20,15.26,10.922881993713066,policy
2025-09-21,12.52,12.626785416619661,policy
2025-09-22,16.52,17.26089456489782,policy
2025-09-23,15.48,13.188841578946064,policy
2025-09-24,14.83,16.586648212738535,policy
2025-09-25,21.43,17.418197846137208,policy
2025-09-26,18.22,11.498312600017993,policy
2025-09-27,8.65,8.212815000418974,policy
2025-09-28,6.48,9.52025589664487,policy
2025-09-29,11.22,13.59486010556175,policy
2025-09-30,10.83,9.30737641483724,policy
2025-10-01,10.26,8.905803143544176,policy
2025-10-02,16.22,12.187435741329612,policy
2025-10-03,14.7,12.176170122604665,policy
2025-10-04,9.43,11.846224646230631,policy
2025-10-05,6.65,10.321566188791223,policy
2025-10-06,5.0,9.24115090208356,policy
2025-10-07,13.09,13.542586272589448,policy
2025-10-08,10.17,8.4828460795636,policy
2025-10-09,8.52,5.337966251615314,policy
2025-10-10,8.78,4.956283193148446,policy
2025-10-11,4.61,4.860368027398887,policy
2025-10-12,5.91,7.541307515545402,policy
2025-10-13,13.78,13.870944340511372,policy
2025-10-14,7.5,7.406922260607368,policy
2025-10-15,8.52,8.526094408097274,policy
2025-10-16,9.39,9.27359393118876,policy
2025-10-17,11.0,9.680537608775538,policy
2025-10-18,7.78,9.821782239712006,policy
2025-10-19,3.96,9.102968035008276,policy
2025-10-20,8.57,10.940397505118227,policy
2025-10-21,7.13,8.904642725188056,policy
2025-10-22,7.43,7.649075768044163,policy
2025-10-23,10.61,11.482637393683998,policy
2025-10-24,11.39,9.106575575127115,policy
2025-10-25,4.57,5.323650946087528,policy
2025-10-26,5.96,7.468689480792296,policy
2025-10-27,20.09,15.198254000008262,policy
2025-10-28,12.57,11.82583950903981,policy
2025-10-29,9.35,14.25304594174612,policy
2025-10-30,12.35,11.038423211975742,policy
2025-10-31,11.39,10.467515887381282,policy
2025-11-01,9.48,9.762824172792964,policy
2025-11-02,4.43,5.18840504213169,policy
2025-11-03,5.48,5.782264470194235,policy
2025-11-04,14.61,14.375535809493467,policy
2025-11-05,14.74,15.363572413011656,policy
2025-11-06,10.96,12.517771628407598,policy
2025-11-07,11.52,10.916120765649408,policy
2025-11-08,7.65,8.459010120882418,policy
2025-11-09,13.52,11.632144341934097,policy
2025-11-10,11.13,15.456214528825178,policy
2025-11-11,10.22,14.958016340674003,policy
2025-11-12,9.13,12.44508599891137,policy
2025-11-13,8.91,8.601038947583358,policy
2025-11-14,15.43,12.283896467151461,policy
2025-11-15,6.83,10.147314682138624,policy
2025-11-16,7.91,9.399871742132808,policy
2025-11-17,13.43,15.084558993487313,policy
2025-11-18,10.39,12.082899013399272,policy
2025-11-19,12.48,11.754499139046633,policy
2025-11-20,10.7,10.29990271345623,policy
2025-11-21,7.82,9.086539070398693,policy
2025-11-22,4.78,8.724485121380848,policy
2025-11-23,6.74,11.033177488685684,policy
2025-11-24,15.26,13.83271614658269,policy
2025-11-25,10.39,11.746554643156607,policy
2025-11-26,13.48,10.966939215178213,policy
2025-11-27,14.61,11.209887288285158,policy
2025-11-28,15.52,6.097980198299883,policy
2025-11-29,10.48,8.499670466393509,policy
2025-11-30,6.17,6.849933429040243,policy
2025-12-01,9.43,11.195564975956273,policy
2025-12-02,9.22,12.05152911572491,policy
2025-12-03,10.61,14.004838767260406,policy
2025-12-04,10.48,9.822743919594533,policy
2025-12-05,8.52,8.802041443163402,policy
2025-12-06,4.3,4.736425317109874,policy
2025-12-07,3.48,6.548811575869415,policy
2025-12-08,10.96,14.364915360067052,policy
2025-12-09,11.17,12.224835258395814,policy
2025-12-10,6.74,9.2502453094471,policy
2025-12-11,7.48,11.200030477467134,policy
2025-12-12,9.13,10.650937326962687,policy
2025-12-13,5.35,8.101999079083935,policy
2025-12-14,4.74,6.331681606976776,policy
2025-12-15,7.52,9.907055917774926,policy
2025-12-16,8.87,3.75854455455118,policy
2025-12-17,8.65,6.609756923599399,policy
2025-12-18,8.96,11.082696159972281,policy
2025-12-19,8.0,8.048217709276752,policy
2025-12-20,3.39,4.101702346039048,policy
2025-12-21,2.17,1.1570153227368531,policy
2025-12-22,3.09,6.01227642118741,policy
2025-12-23,11.14,12.450526598939435,policy
2025-12-24,11.3,12.396752077997707,policy
2025-12-25,3.83,5.737369270911703,policy
2025-12-26,2.52,0.5188049387608255,policy
2025-12-27,3.96,5.648095334313833,policy
2025-12-28,3.35,7.219766549567467,policy
2025-12-29,5.09,13.343184173629558,policy
2025-12-30,4.65,13.639205101917337,policy
2025-12-31,6.87,11.874406919619025,policy
